title,artist,album,track_number,year,genre,custom_id
Amani,Beyond,海阔天空,1,1993,Chinese Pop,934990D5B90B45E196D4AA28868AE070
不再犹豫,Beyond,犹豫,3/10,1991,Chinese Pop,8A9CFC60202749CEAAD75265B33C60FA
光辉岁月,Beyond,Beyond 25Th Anniversary,2,2008,Chinese Pop,C7DAD9CA0C3047A78EB498DAC77F421C
冷雨夜,Beyond,Beyond 25Th Anniversary,3,2008,Chinese Pop,FC69BA8E381F4D718587015E97F875FA
喜欢你,Beyond,Beyond 25Th Anniversary,1,2008,Chinese Pop,FF1F31FCD4E641CABF03F95122B57989
大地,Beyond,Beyond 25Th Anniversary,1,2008,Chinese Pop,6F77397C76564852B5091E1B5A283E7F
海阔天空,Beyond,BEYOND：华纳我爱经典系列,4/15,1998,Chinese Pop,9EC98F4C6EAC42B0AB596D49E5D1BF06
灰色轨迹,Beyond,《天若有情》电影原声大碟,1,1990,Chinese Pop,64F0A5105DB0476D87A99878DEBCCD85
真的爱你,Beyond,Beyond IV,1,1989,Chinese Pop,319A7916AA264C428E4B1B3628312228
遥望,Beyond,海阔天空,2,1993,Chinese Pop,1E2730E40D0C42ADBB94441823841C0B
Fly Away,F.I.R.,F.I.R.,2/13,2004,Chinese Pop,49FFDD682CDC43E2BFFE699FFB7E8C92
Lydia,F.I.R.,F.I.R.,3/13,2004,Chinese Pop,1B1E59D777054BAE899FE5102DD40B2B
你的微笑,F.I.R.,F.I.R.,8/13,2004,Chinese Pop,E5B3BAA0A27D45708080715BC7B6BF82
我们的爱,F.I.R.,F.I.R.,5/13,2004,Chinese Pop,DB2E9DB1F70242E7A7281F7D6A1D0B7C
让我们一起微笑吧,F.I.R.,让我们一起微笑吧,1,2009,Chinese Pop,C7823B7A2D074592946C51E438E2B8C1
Ring Ring Ring,S.H.E,2006移动城堡演唱会,1,2006,Chinese Pop,99D9125374124248A41FAEA7B309D794
SUPER STAR,S.H.E,2006移动城堡演唱会,2,2006,Chinese Pop,306F431B171C4DBC849CB8DAB8770A3C
一眼万年,S.H.E,S.H.E Forever 永远 新歌+精选,1,2006,Chinese Pop,5EC7EE5C70924D5CB7DDB1AF15F85025
不想长大,S.H.E,2006移动城堡演唱会,5,2006,Chinese Pop,57E7CF8FFCA348969C081EBB5AF062CD
候鸟,S.H.E,2006移动城堡演唱会,3,2006,Chinese Pop,491F85DC3943433DAADD12495B7FECD0
十面埋伏,S.H.E,2006移动城堡演唱会,6,2006,Chinese Pop,D3A0A256549B4643AC5F79901A2D458D
月光手札,S.H.E,我的电台 FM S.H.E (未来电台版),1,2008,Chinese Pop,CF69FF0C921C4BA494D5BE4B18D28346
波斯猫,S.H.E,2006移动城堡演唱会,4,2006,Chinese Pop,734638FC66484F339DF7A47E3F883D32
痛快,S.H.E,2006移动城堡演唱会,7,2006,Chinese Pop,ADAEE1914B2A493FBBADC4BA42085301
紫藤花,S.H.E,S.H.E Forever 永远 新歌+精选,2,2006,Chinese Pop,1DECBA449B64464F9EEC634F029A5B9B
美丽新世界,S.H.E,2006移动城堡演唱会,1,2006,Chinese Pop,A7592A5B4960466BB0F552CCB8BBE556
DNA,五月天,单曲,32/99,2006,Audio Book,5DF5B9FE493849008E87D7032694433D
为爱而生,五月天,为爱而生,1,2006,Chinese Pop,CD1644965F0841DFAF8707D9BD18025E
乱世浮生,五月天,知足,1,2006,Chinese Pop,52E13DDB827B493ABF444CE7569BB9C2
人生海海,五月天,知足,2,2006,Chinese Pop,FF28B853983E4A20A94B5C60354FCBAD
你不是真正的快乐,五月天,后。青春期的诗,1,2008,Chinese Pop,392464F55BEF4C8580B54966D141E0C3
倔强,五月天,知足,3,2006,Chinese Pop,1011C0591E2A45A6AE460B822942AD0B
出头天,五月天,后。青春期的诗,2,2008,Chinese Pop,F6A51A44D9EC49BB85CCFBF73D972028
后青春期的诗,五月天,后。青春期的诗,3,2008,Chinese Pop,1E368D793B3345AFA79335C2FE8D9C8B
回来吧,五月天,神的孩子都在跳舞,1,2004,Chinese Pop,72E107EA5C354E79BBC391447C345835
天使,五月天,为爱而生,2,2006,Chinese Pop,3AB316AA13EA4A75A5143EE95702E18C
如烟,五月天,后。青春期的诗,4,2008,Chinese Pop,7EE49866B6034C999804F915DA996747
孙悟空,五月天,知足,1,2006,Chinese Pop,1B0F962BA5F84C5BB1F5D4A86A965C37
彩虹,五月天,人生海海,1,2001,Chinese Pop,8677CE33624B4710A1D3E3179371C9C4
志明与春娇,五月天,滚石30青春音乐记事簿,10/15,2010,Chinese Pop,7C5F1258713A4685B83567AD9619038C
忘词,五月天,为爱而生,2,2006,Chinese Pop,01DCEC4C8897483A8BB22BE59955EF57
恋爱ing,五月天,知足,4,2006,Chinese Pop,8093416F7619490CACC9ECA64B5E45E4
憨人,五月天,知足,6,2006,Chinese Pop,84816FB0E9CB44E8BBB4AD4AA90CE716
我心中尚未崩坏的地方,五月天,后。青春期的诗,8,2008,Chinese Pop,626F5C43A66F441A9BCA29D56D313E66
放肆,五月天,放肆,1,2009,Chinese Pop,5A110C1C07C34791B7C2888FDFC83198
时光机,五月天,时光机,1,2003,Chinese Pop,F37323FFD13B4982B590519B8240A76E
星空,五月天,第二人生 末日版,1,2011,Chinese Pop,8C5C8F5361BB40CABF89F330A12930EC
春天的呐喊,五月天,后。青春期的诗,5,2008,Chinese Pop,2689ECE55CC145DD96840AAFF304373C
最重要的小事,五月天,为爱而生,3,2006,Chinese Pop,72260C947C5B4305BD6161A5D6C4E1EA
武装,五月天,时光机,1,2003,Chinese Pop,DBB7691EA78F41509D4F1DD6C84136DE
温柔(还你自由版),五月天,知足,1,2006,Chinese Pop,C2EB482F70C6438099C500553CDE7EBB
知足,五月天,知足,5,2006,Chinese Pop,E8BDE8B18D764C549FBF9D67D564F545
神的孩子都在跳舞,五月天,神的孩子都在跳舞,4,2004,Chinese Pop,080496E989514439B87F682AF32F2FF1
离开地球表面,五月天,离开地球表面Jump!,1,2007,Chinese Pop,D33CF3886A0F41FBA622160D9E86F9A1
突然好想你,五月天,后。青春期的诗,7,2008,Mainstream Rock,0C8A0476BFEB4AE7B1212C1CDC398AD9
笑忘歌,五月天,后。青春期的诗,6,2008,Chinese Pop,331E6D02650C41FD9235EB613F09BEED
米老鼠,五月天,为爱而生,1,2006,Chinese Pop,DFD4EC3F5C0A429DBD39694FBE935951
让我照顾你,五月天,神的孩子都在跳舞,5,2004,Chinese Pop,798C926D2A5D4A3A94F1AEA786D4167F
赌神,五月天,时光机,2,2003,Chinese Pop,839B2E067530472CBB79748E222C38EA
超人,五月天,神的孩子都在跳舞,3,2004,Chinese Pop,0DA7E135EE354C4999701EBF2B65F0D0
错错错,五月天,神的孩子都在跳舞,2,2004,Chinese Pop,CB1E6E9735864DFB990775B231C8B2A8
任逍遥,任贤齐,爱像太平洋,1,1998,Chinese Pop,D1FEDE381DAE4F2BAC5378661C20F2B8
伤心太平洋,任贤齐,爱像太平洋,3,1998,Chinese Pop,2315290535674736BAE39022187AACF6
依靠,任贤齐,依靠,1,1996,Chinese Pop,D98E4807B05C42C1BEC681A16D96A783
天涯,任贤齐,为爱走天涯,1,2000,Chinese Pop,6EC303D4C83840669E3A6B2F5CA37D8B
对面的女孩看过来,任贤齐,爱像太平洋,4,1998,Chinese Pop,37C5527427CE4929A1CD679B61135661
很受伤,任贤齐,爱像太平洋,2,1998,Chinese Pop,8F84B991FBE14A648A8D07E4D949C297
心太软,任贤齐,心太软,1/10,1996,Chinese Pop,D9CDE68F4216485F81F07AD10F272602
我是一只鱼,任贤齐,爱像太平洋,5,1998,Chinese Pop,A8821DD371F8421086B9BCB5099730CA
春天花会开,任贤齐,为爱走天涯,3,2000,Chinese Pop,5FD3B8B355504EA38B756495B397315C
橘子香水,任贤齐,为爱走天涯,4,2000,Chinese Pop,863A3448205D4BBB821F5867EA95FE61
死不了,任贤齐,情义新歌+精选光耀全记录(义),9/12,2004,Chinese Pop,F9773406EF214E0FBC60B796FE77E79C
沧海一声笑,任贤齐,为爱走天涯,2,2000,Chinese Pop,6190E12DE6104BD6BD3F023143468ADD
流着泪的你的脸,任贤齐,为爱走天涯,5,2000,Chinese Pop,2BA92A76A3104332A91347B1FE95B0DA
浪花一朵朵,任贤齐,流浪汉,1/17,2002,Chinese Pop,603347A5BF5C442FBF9C8C186EBAA3B2
花太香,任贤齐,飞鸟,5/12,2001,Chinese Pop,1A56F8B3C6C74B7D93A3B16C5624BC3A
世界第一等,伍佰,电影歌曲典藏1992-2000,13/16,2000,Chinese Pop,01C72ECF2D994E5C9A473E13AA723707
挪威的森林,伍佰,爱情的尽头,1,1996,Chinese Pop,A1B4E649D60743F99234162F987565A8
浪人情歌,伍佰,伍佰 滚石24K 24Bit珍藏版金碟,2/15,2008,Chinese Pop,18F47F008DBB49E49112219A4BA26ACA
牵挂,伍佰,浪人情歌,1,1994,Chinese Pop,8E6381D1ACF643A0B649B0A183128DBA
痛哭的人,伍佰,伍佰 滚石24K 24Bit珍藏版金碟,6/15,2008,Chinese Pop,1A687474822040888564A910C60B270A
全是爱,凤凰传奇,最炫民族风,2/11,2009,Chinese Pop,113D0A25130648BAB5D906D9C9523E73
吉祥如意,凤凰传奇,爱琴海,1,2008,Chinese Pop,9977029AA6084E13AB55EB8FE1259931
天蓝蓝(1),凤凰传奇,最炫民族风,5/11,2009,Chinese Pop,9956DFC6403346178E7F92AC03EE729C
天蓝蓝,凤凰传奇,最炫民族风,5/11,2009,Chinese Pop,CC4D1A6D9E0C42CFB28EC6B1E9B97453
我从草原来,凤凰传奇,我从草原来 新歌+精选,1/12,2010,Chinese Pop,2149BF6C5E0E4A4C88A22096DB8137A2
最炫民族风,凤凰传奇,最炫民族风,1/11,2009,Chinese Pop,595F5258632C41A68C9C515617DC9261
月亮之上,凤凰传奇,月亮之上,2/13,2005,Chinese Pop,48FB26BEB81048179C973D3583E877A4
溜溜的情歌,凤凰传奇,最炫民族风,8/11,2009,Chinese Pop,D63C7020FC704D71A44019522F866219
等爱的玫瑰,凤凰传奇,凤凰传奇(DVD),5/16,,Chinese Pop,AE2DB168E69C490CA735220DD5D5EBB4
自由飞翔,凤凰传奇,吉祥如意,2/11,2007,Chinese Pop,75DD9B0FCACA48C1AC107082DAFFBC16
荷塘月色,凤凰传奇,我从草原来 新歌+精选,2/12,2010,Chinese Pop,4DD3CCE47C2C4DE7B8062415C27A9B91
郎的诱惑,凤凰传奇,最炫民族风,4/11,2009,Chinese Pop,9CEE534B04604B2A923511F7014B0B14
2002年的第一场雪,刀郎,2002年的第一场雪,1,2003,Chinese Pop,4FB402B011744B808424EEB6585C595C
关于二道桥,刀郎,喀什噶尔胡杨,1,2004,Chinese Pop,F00EB62C07134B269146803A15FBC9C1
冲动的惩罚,刀郎,2002年的第一场雪,1,2003,Chinese Pop,C9BBA2C66ADC4A2EA3EC5AEE25FC3BB6
喀什噶尔胡杨,刀郎,喀什噶尔胡杨,1,2004,Chinese Pop,7CE2C18E25934C868CF7B14F1223D14C
情人,刀郎,2002年的第一场雪,1,2003,Chinese Pop,A8AF46B472C64E95A9B04E85BC1D28EC
新阿瓦尔古丽,刀郎,2002年的第一场雪,1,2003,Chinese Pop,78065DD75B6742F6A004819D61E2CBF8
草原之夜,刀郎,2002年的第一场雪,1,2003,华语歌坛偶像,AC41EAD90B7445E6AD3C4862BDF8B71C
西海情歌,刀郎,刀郎III,1,2001,Other Asian,C47293CAC51145639F0A7A8099C26DBC
亲爱的不要离开我,刘嘉亮,你到底爱谁,11/11,2005,Chinese Pop,9238773DC79546F6B580071FE7BEC407
你到底爱谁,刘嘉亮,你到底爱谁,17/17,2005,Chinese Pop,0BFAD25280264DAB9781D212DD5DD76C
你是我爱的那个人,刘嘉亮,男人的眼泪+,4/10,2008,Chinese Pop,7F036C80EB7147C4A4227BB5B3BAC404
就这样,刘嘉亮,你到底爱谁,9/12,2005,Chinese Pop,25D1CF70FDE548CFB747DEA0735988E0
想念,刘嘉亮,亮·情歌,9/12,2007,Chinese Pop,AD8816DDD1E5492FBA138A360A83E958
爱你实在太累,刘嘉亮,亲爱的不要离开我,6/12,2004,Chinese Pop,CF6C0B8512CF49DBB4E00E4CD5F90D6E
爱我就别伤害我,刘嘉亮,伤感情歌 男人篇,1/18,2006,Pop Vocal,2E671F40251441BABD553E3AEB7A8FF8
男人的眼泪,刘嘉亮,,2/10,2008,Chinese Pop,DE334FB71BA1408A8336F95D0577FF95
一起走过的日子,刘德华,一起走过的日子,1,1991,Chinese Pop,B5D22869DEE94BE7A51E2EFC0EA6B86C
上海滩,刘德华,我们的刘德华 Greatest Hits 2012 粤语篇,1/28,2012,Chinese Pop,9FC4689B400B4A148FE55D4AF61293C1
今天.MP3,刘德华,笨小孩1993-1998国语精选,2,1998,Chinese Pop,72D35030BF70482B856C1B0CE0D65228
冰雨,刘德华,爱在刻骨铭心时,1,1997,Chinese Pop,186FACC6785F48B1954D2FDE00B134FD
天意,刘德华,天意,1,1994,Chinese Pop,6B8F2558CDD34719B20E663A0BFA109C
忘情水,刘德华,笨小孩1993-1998国语精选,3,1998,Chinese Pop,E040F2C9C7924E719D108E1B01811C2E
来生缘,刘德华,来生缘,1,1992,Chinese Pop,0A2AD66613574296ACF295DB77B6DACE
爱你一万年,刘德华,刘德华99演唱会卡拉OK(下)(VCD),13/14,1999,Chinese Pop,B18A787130CD46B79D55FF81E089869A
男人哭吧不是罪,刘德华,男人的爱,1,2000,Chinese Pop,8471B3334C5E4B7B8AD7EEC343DE23C3
笨小孩,刘德华,笨小孩1993-1998国语精选,1,1998,Chinese Pop,B8A3FF9287A44DFF96F93AE157C8B8A8
练习,刘德华,美丽的一天,2/11,2002,Chinese Pop,9D5D9912C444499AA444F2C1B1E1A4C9
缠绵,刘德华,天意,1,1994,Chinese Pop,794F86C828E9448CBF1ED53A0C8C8BEE
肉麻情歌.MP3,刘德华,美丽的一天,3/11,2002,Chinese Pop,37A3D375FC6C45578C8CAC557D284112
谢谢你的爱,刘德华,永远爱你,1,1993,Chinese Pop,9434CED2C87C48E392F41B3F03326224
一辈子的孤单,刘若英,Rene,1,2008,Chinese Pop,278C915B8B07481BB2D10A25B40A7C2C
为爱痴狂,刘若英,很爱很爱你,1,1998,Chinese Pop,2F05355627CF483F9EC80CD3C578D354
光,刘若英,一整夜,1,2005,Chinese Pop,3A79C1E7A8BF441D9188D359F2A928D6
分开旅行,刘若英,Rene,2,2008,Chinese Pop,B9B914BC4FEB4B78AECDE74225C9F518
原来你也在这里,刘若英,我的失败与伟大,1,2003,Chinese Pop,185826000C874299972D6F999CCEBA62
听是谁在唱歌,刘若英,Rene,3,2008,Chinese Pop,2FD128B13A454119926B7AE6BF0F808D
听说,刘若英,Rene,4,2008,Chinese Pop,5ADBBCAB0B2242F9A340BB8B0190123A
很爱很爱你,刘若英,很爱很爱你,2,1998,Chinese Pop,C696ABF701674E7B83BB273C79ECBEBE
知道不知道,刘若英,Rene,5,2008,Chinese Pop,AF261DE0B01D4F60A18CE47FFC2EFF41
冲动,动力火车,Man,2/10,2002,Chinese Pop,A945E86ED078490DBF1F6658E781CEFB
外套,动力火车,Man,6/10,2002,Chinese Pop,2DA22BA7C5904FC7B9DF92E8F4156E1A
当,动力火车,就是红光辉全纪录,13/15,1998,Chinese Pop,7758FF8EE1CB438783CAD3082B927FED
忠孝东路走九遍,动力火车,就是红光辉全纪录,3/15,2001,Chinese Pop,295AB15440B941F693E723B911151B5A
无情的情书,动力火车,无情的情书,1,1997,Chinese Pop,0D9686B00F71496AA9B6CA9476EDA3CC
明天的明天的明天,动力火车,明天的明天的明天,1,1998,Chinese Pop,53D83702BB35413ABD38421C069D4BAB
热情的沙漠,动力火车,动力火车百万全纪录,6/10,2003,Chinese Pop,E67A62EE5DC44F79B20EBB7C6F3A4BC1
终于明白,动力火车,继续转动,1,2009,Chinese Pop,B566516CED644781BF35EAB8B50C82A8
背叛情歌,动力火车,背叛情歌,1/11,1999,Chinese Pop,ACD7CD446D8D4B69B924C1B3133A3DC0
酒醉的探戈2001,动力火车,就是红光辉全纪录,12/15,2001,Chinese Pop,51129C00F86D4D9BADE0B73199E70F69
东爱,后弦,古·玩,1,2005,Chinese Pop,CAC719D736CE406FAD8248402D2C2B04
九公主,后弦,九公主,1,2006,Chinese Pop,5A76119828C943779FD61DECDA89A891
单车恋人,后弦,九公主,2,2006,Chinese Pop,E111C7474F4944E88566CD2890F96081
唐宋元明清,后弦,东方不败,1,2008,,1C74E2789A3C45E4B47435C1DD56910D
昆明湖,后弦,九公主,3,2006,Chinese Pop,051AD1BEF1664895AC520D440780EB14
桥段,后弦,古·玩,2,2005,Chinese Pop,4A40C7653A3E4E5E9EF501E5F3E8AB99
给安娜,后弦,古·玩,3,2005,Chinese Pop,13D3CA1B7CCD4888A91D3E4981DB022F
西厢,后弦,古·玩,1,2005,,E06AA24E0F6348DAB8E082E20F7F1BB0
为你写诗,吴克群,为你写诗,1,2008,Chinese Pop,6A1D9995272E48E7AD02F72EC3F22C97
冠军,吴克群,将军令,1,2006,Chinese Pop,136F7699B645443F96EF605F8FCB0ADC
大舌头,吴克群,MagiK Great Hits 新歌＋精选,1,2008,,902893B21A724307BED76508CBAF1359
将军令,吴克群,将军令,2,2006,Chinese Pop,EBEBA425C1234C3DB8B44C5EDD02B8DE
情人节,吴克群,为你写诗,1,2008,Chinese Pop,1657282271CC417D9EBDE5635322FD17
牵牵牵手,吴克群,为你写诗,2,2008,Chinese Pop,F171A125CA4149C2B8A3D24945EF99E0
越爱越难过,吴克群,为你写诗,3,2008,Chinese Pop,F6D4A71B2D3242DC9E834B10115D91E5
别害怕,姜昕,纯粹,3/10,2004,Chinese Pop,9CBF0440FB8A4C25B7996361205910EE
我不是随便的花朵,姜昕,我不是随便的花朵,1,2007,Chinese Pop,6B1D115754E44118BB8A8E19710B9238
春天,姜昕,我不是随便的花朵,2,2007,Chinese Pop,E01E1EC45C914444A03757144D0D851C
潘多拉,姜昕,纯粹,1/10,2004,Chinese Pop,7DA540A289D84B70BB7402A2027F0E94
爱琴海,姜昕,我不是随便的花朵,3,2007,Chinese Pop,6BE7076F158F497CA383FF61AF12D94A
纯粹（向阳花）,姜昕,纯粹,2/10,2004,Chinese Pop,056D7DF116954A0A8B79483EBE864EA7
再回首,姜育恒,多年以后再回首,1,1989,Chinese Pop,20CE3A9F8C644424A7992F066E0F4ADB
梅花三弄,姜育恒,不朽金曲精选I,1/14,1993,Chinese Pop,C05B189F9F304D63966FDB843C229473
爱我你怕了吗,姜育恒,爱我你怕了吗,1,2000,Chinese Pop,6A25D59FF9E046EEA258C7B57739D51D
跟往事干杯,姜育恒,跟往事干杯,1/10,1988,Chinese Pop,FC881BF2611E400B91D8F9C0A69DDB82
驿动的心,姜育恒,不朽金曲精选I,1/14,1993,Chinese Pop,0BFEE19AA4AE41269363E425E8ED5A47
不见不散,孙楠,楠得精选,8/12,2001,Chinese Pop,6F64ED655A7247D6AFCDF70D0BD73905
你快回来,孙楠,楠得精选,7/12,2001,Chinese Pop,B60C4EC735F241E4864196BF46F318B5
我们都是伤心人,孙楠,楠得精选,5/12,2001,Chinese Pop,701F5D024FF34600B3300A536BB73257
比天更高,孙楠,孙楠演唱会,6/17,,Chinese Pop,AF5999CCDB494234B41AE0A97C93AD01
生生世世,孙楠,楠得精选,10/12,2001,Chinese Pop,D09A8C10A03B4122B1FB07729C4F8D8C
美梦成真,孙楠,楠得精选,12/12,2001,Chinese Pop,2C6882575B9B403ABB266257C2C1A5CC
世说心语,孙燕姿,是时候,1/10,2011,Chinese Pop,C4E73C26B8AA409F8DC47D19939198DB
天黑黑,孙燕姿,The Moment,1,2003,Chinese Pop,435760CF7E6A4F119BDA2C6C55074DCB
奔,孙燕姿,"My story,Your song 经典全纪录",1,2006,Chinese Pop,AD6FD1EBB7824C7FA1DAD5AF3AF45636
完美的一天,孙燕姿,完美的一天,1,2005,Chinese Pop,87DC2363A4124B47A85AD24C14CA37CF
开始懂了,孙燕姿,我要的幸福,5/12,2000,Chinese Pop,5D715E6E928245BB98419276C001EEBB
当冬夜渐暖,孙燕姿,是时候,3/10,2011,Chinese Pop,E2F202D7EDA84FEDA2DCACBA38AACD6D
愚人的国度,孙燕姿,是时候,9/10,2011,Chinese Pop,CD99B5C31E4844EAAFDEE5C70C58221A
是时候,孙燕姿,是时候,10/10,2011,Chinese Pop,12AA4F467AE449EA9855915AC5E74A3C
直来直往,孙燕姿,Leave,1,2002,Chinese Pop,671637C9314F492FB1FE5F010F4A73F0
空口言,孙燕姿,是时候,5/10,2011,Chinese Pop,EA37A6EC896D4BC8BED111755BC849AC
绿光,孙燕姿,自选集,1,2002,Chinese Pop,73286589342C431D85251FD58A22604F
超快感,孙燕姿,The Moment,2,2003,Chinese Pop,1EF39AA3B8354730BDCD68E83B5FA024
逆光,孙燕姿,逆光,2/12,2007,Chinese Pop,754D85BCB6654685A366F76EBA8C553D
遇见,孙燕姿,The Moment,1,2003,Chinese Pop,BAA886F8513C448F843E5592774E6477
难得一见,孙燕姿,我要的幸福,1,2000,Chinese Pop,AE0E127E31BF445A8C703D681FFDF510
三生三世,孟庭苇,孟庭苇首张佛教音乐专辑阿弥陀佛,1,2001,Chinese Pop,26A6EF2EBCC1468297862DCC0FC7137D
你看你看月亮的脸,孟庭苇,红花,1,2005,Chinese Pop,0EF1DEFD9995495D8A99BD0B332A5F09
你究竟有几个好妹妹,孟庭苇,谁的眼泪在飞,1,1993,Chinese Pop,74DC5B5B38AC4EB598AB2CA64DC031C4
冬季到台北来看雨,孟庭苇,冬季到台北来看雨,1,1992,,60DBCFCD3BCA449CA9A9D674BD9C1714
无声的雨,孟庭苇,冬季到台北来看雨,1,1992,Chinese Pop,965460369A6C4E529B506B338CD2541C
羞答答的玫瑰静悄悄地开,孟庭苇,谁的眼泪在飞,2,1993,Chinese Pop,890E6455FC694DCC83CA0E7A27B88754
谁的眼泪在飞,孟庭苇,孟庭苇 醇经典,5/12,2005,Chinese Pop,A402AE68B93B4C638BA0437817788609
野百合也有春天,孟庭苇,孟庭苇钻石金选集(1990-1994),1,2005,Chinese Pop,A10049FD2EE94CAD8DD269EF0FC37310
风中有朵雨做的云,孟庭苇,风中有朵雨做的云,1,1993,Chinese Pop,D688E76FF56749FFAC695125A46BF76A
一无所有,崔健,一无所有,1,1989,Mainstream Rock,36C1E197519B45B290FD99E2191B902B
假行僧,崔健,一无所有,1,1989,Asian Rock,77F348478BFE4CCBA1E292266D916BB8
新长征路上的摇滚,崔健,新长征路上的摇滚,1,1989,Asian Rock,BB064FAFBE1F4B78A897D74AAFB36C0F
花房姑娘,崔健,一无所有,2,1989,Asian Rock,F8226D3A65B148F894A2AB9E0479EF83
只爱一点点,巫启贤,我是你的,1,1998,Chinese Pop,F2C3A4D916A040FEB5644CB440957610
团圆,巫启贤,感动,3/10,2000,Chinese Pop,3A246AF5B869438DB7A7021878BAA11E
思念谁,巫启贤,思念谁,2/11,1996,Chinese Pop,E989DBB4EA9A4D84B5CC7F521C456BE8
我爱你,巫启贤,巫启贤的傻情歌精选,17/17,1996,Chinese Pop,9F4C893181374E4AA0E9B3AC7AE21164
梦与现实,巫启贤,巫启贤的傻情歌精选,2/14,1996,Chinese Pop,73984DCAEDBA404B91A71AD10889C9E0
爱那么重,巫启贤,巫启贤爱那么重,1,1995,Chinese Pop,6380ECDC9C2E40E1864CAF6EFA61D359
太傻,巫咎贤,巫启贤-寻贤启事新选辑(2磁带),1/12,1999,Chinese Pop,9CB1770F572E4988B837BE5EE30AB14A
不爱最大,弦子,不爱最大,1,2008,Chinese Pop,DD0BDF4210C541908ECF709674D4226C
无可取代,弦子,不爱最大,2,2008,Chinese Pop,111DC561B2DA4CB68E51A844DBD3F21A
沿海地带,弦子,天堂来的孩子,1,2006,Chinese Pop,F16319E3F9D44188B8116D9C6AE6984D
第三者的第三者,弦子,不爱最大,3,2008,Chinese Pop,24863372B84240B8BB0CC3E93E3525AA
舍不得,弦子,不爱最大,4,2008,Chinese Pop,D13AA82040864008B47D369EC54D30D1
醉清风,弦子,不爱最大,5,2008,Chinese Pop,B4949457D72E43D3BB75F16F77997A32
风筝,弦子,箭在弦上 不得不爱,4/10,2006,Chinese Pop,EAD7AB86B85C4D44814D122111022BA1
DON'T TELL ME WHY,彭佳慧,敲敲我的头,1,1998,Chinese Pop,D571D5CC006E40988194C7961D80973B
啦啦啦,彭佳慧,绝对收藏,5/10,1999,Chinese Pop,0B8BDE295E2C4D248DB31B275A9A6E89
喜欢两个人,彭佳慧,情歌手,1,2002,Chinese Pop,686D192F3E554458A7D3923F2566810C
心酸的情歌,彭佳慧,绝对收藏,6/10,1999,国语流行歌曲,074FDB1378FD411B94EA4E419348920B
敲敲我的头,彭佳慧,敲敲我的头,2,1998,国语流行歌曲,42867E93CAFA4F3296145987FD085CC3
旧梦,彭佳慧,绝对收藏,3/10,1999,Chinese Pop,08DDF22853BF42079B6FCDC596804063
爱到无路可退,彭佳慧,彭佳慧,12/17,1997,Chinese Pop,7E3329A1F5104CB899B1C4D37A5C6F0F
相见恨晚,彭佳慧,敲敲我的头,3,1998,Chinese Pop,B3955C9B679A431284288532CE06C95A
真心话,彭佳慧,绝对收藏彭佳慧,1,2007,Chinese Pop,C6BBCDD2D0AC45CA9AF7ED3BE3C87733
走在红毯那一天,彭佳慧,彭佳慧,8/19,1997,Chinese Pop,6C9FB26CBF7B42DB890127C39DE5C21E
Love Song,方大同,未来,1,2008,Chinese Pop,75B0FF67DBA8412C99616A8EE8463FB7
Nothing's Gonna Change My Love For You,方大同,Timeless,2/10,2009,Chinese Pop,BE59736917C3432A9C7B164BBD48618B
Wonderful Tonight,方大同,Timeless,9/10,2009,Chinese Pop,3F362D7BBCFB4D43887AA8A2B09EB60D
四人游,方大同,爱爱爱,2,2006,粤语流行音乐,F4232BDDB2564896ACA9E23F29CB7F7F
够不够,方大同,未来,2,2008,Chinese Pop,824C79D89BCC4C5396814385715363F6
爱爱爱,方大同,爱爱爱,1,2006,普通中国流行音乐,8A8ED799824748B8B3E83C0D4084604F
红豆,方大同,Timeless 可啦思刻,1,2009,Chinese Pop,789ADFC727F14BE7888FBFB3FFD0210C
我想去个地方,光良,第1次个人创作专辑,10/12,2001,Chinese Pop,E9E75EA46CCF419B8A0744F12FEA5C95
童话,光良,童话,1,2005,Chinese Pop,1AFD2022111540B88B594371035CB8A2
注定,品冠,自创品牌(品冠1996-2000创作记录),1,2001,Chinese Pop,62D0A16C7ECB4B6489B4E75548D9AE55
那些女孩教我的事,品冠,那些女孩教我的事,1,2008,普通中国流行音乐,139D01DD857149C7A9C81CA2189107E6
多心,无印良品,滚石香港黄金十年：无印良品精选,9/15,2003,Chinese Pop,C79313BFCC9D422591DE34F08FF3E739
想见你,无印良品,想见你,1,1999,Chinese Pop,DFB74512DC11444884352F82F08E3E7E
我找你找了好久,无印良品,3人行,1,1998,Chinese Pop,E932456EB79543979DFDA6338AC7CDFE
掌心,无印良品,珍重,1,1999,Chinese Pop,76D3BAFD7C5746079F5B637ABF471A57
注定,无印良品,滚石香港黄金十年：无印良品精选,4/15,2003,Chinese Pop,B89ECCB303744BAF9BDA74F176C599B0
一个陌生女人的来信,曹卉娟,玻璃杯,1,2005,Chinese Pop,236EE22399494CECB7B59464E0149E6B
在一起,曹卉娟,玻璃杯,2,2005,Chinese Pop,3BDA3FEAF5084220A4F1AEB0FC137BAA
玻璃杯,曹卉娟,玻璃杯,3,2005,Chinese Pop,535E2A48937C454782433BCCFF7A05FA
眼泪不是我们的昨天,曹卉娟,玻璃杯,4,2005,Chinese Pop,0F272E1C683F4ADB8F9BB246E3618A9B
诉说,曹卉娟,玻璃杯,5,2005,Chinese Pop,B21F4A34FE654FB0813C694D15C39300
遗忘,曹卉娟,玻璃杯,6,2005,Chinese Pop,55990B13FD564728922069C41FE69275
住在春天,曹方,住在春天,1,2008,,F9C6BD73A94A47BA865903999C8874B4
四季天,曹方,哼一首歌 等日落,1,2009,Chinese Pop,3C46AC18343D4C43A42FE85C59ECC4EF
夏末的萨克斯手,曹方,比天空还远,1,2007,Other Asian,E0D835A3217B4D1BAA10170BDE46BBF4
比天空还远,曹方,比天空还远,2,2007,Chinese Pop,2A50A7CA9D4242C2A60809253CF0986A
等人,曹方,哼一首歌 等日落,2,2009,Chinese Pop,EDC893831A0C4AEBABF5352BD91E1CBB
纪念册,曹方,哼一首歌 等日落,1,2009,,3A7E0A11DD4A42AB88A0FBD0E869BB49
遇见我,曹方,遇见我,1,2005,Chinese Pop,51788D20CCA24F94BA66D1BB92D2A756
门,曹方,哼一首歌 等日落,3,2009,Chinese Pop,C6C5BD59E2AE4C7CBFD9B7EDB1DF47AC
一往情深的恋人,李健,音乐傲骨,1,2009,Chinese Pop,8EDFC15F8F2641768DC19732A2CADBE8
传奇,李健,似水流年,1,2003,Chinese Pop,8E6E731961E2489E96D70AF519B43F5E
似水流年,李健,什刹海,1,2006,Chinese Pop,6942C20441B548D3BF0E47AE5676E121
向往,李健,什刹海,2,2006,Chinese Pop,172E0FE71D46403FB488E3F9D893C835
想念你,李健,想念你,1,2007,Chinese Pop,C197FA0D374844B3A66358E5114C60A8
父亲,李健,什刹海,3,2006,Chinese Pop,9802EAB16F20439085614DEEB49ABA55
绽放,李健,什刹海,4,2006,Chinese Pop,DFF5DC04D948459A9DF2339308AA3546
风吹麦浪,李健,想念你,2,2007,Chinese Pop,A6B41610FF104C16A6079025C88CDC9F
你那么爱她,李圣杰,关于你的歌,1,2006,Chinese Pop,40350C8602C248FBB76CA25F3BBFA21F
很想说,李圣杰,关于你的歌,2,2006,Chinese Pop,86CC557EACEA465497CE9CAA450F0FAA
心口,李圣杰,冷咖啡,6/10,1999,Chinese Pop,506BC69852DF4C2AAFC60C9789490B12
手放开,李圣杰,绝对痴心·手放开,3/11,2004,Chinese Pop,4F603F95C2424528824CEF83B95CC5B4
痴心绝对,李圣杰,绝对痴心·手放开,1/11,2004,Chinese Pop,F81A1DBA02CB4CDDB9EFF919A2F67851
靠近,李圣杰,收放自如,1,2008,Chinese Pop,7905CCBA315A47E8AA022EE84F7D0385
凡人歌,李宗盛,理性与感性作品音乐会,6,2007,Chinese Pop,F9A397481B094AAC80274304DBA4F665
寂寞难耐,李宗盛,理性与感性作品音乐会,7,2007,Chinese Pop,6A8B32F175A1469C96C7835D4C942908
当爱已成往事 李宗盛&梁静茹,李宗盛,理性与感性作品音乐会,1,2007,Chinese Pop,4C27816730FB4CD5A9B5C11DC6FCF69B
我是一只小小鸟,李宗盛,理性与感性作品音乐会,2,2007,Chinese Pop,0050152A5E1B424D81F6D9BECE20EBEF
我是真的爱你,李宗盛,理性与感性作品音乐会,3,2007,Chinese Pop,D1E141BBE3B3458D8FC551B1632C7F57
爱的代价,李宗盛,理性与感性作品音乐会,4,2007,Chinese Pop,80106FE2C71F4C0C82CC3A628285E89F
生命中的精灵,李宗盛,理性与感性作品音乐会,8,2007,Chinese Pop,C44438239CF94A9CB6F12FC0317653CF
真心英雄,李宗盛,理性与感性作品音乐会,5,2007,Chinese Pop,AF5DD847315447399DDCCBEE54A7D6BE
阴天,李宗盛,理性与感性作品音乐会,9,2007,Chinese Pop,351EF23F9A5D4E3CA684C3198B619AE9
鬼迷心窍 李宗盛&周华健,李宗盛,理性与感性作品音乐会,10,2007,Chinese Pop,BAABD4E09D764E5AB3659B3505E9E9DE
南飞雁,李玉刚,新贵妃醉酒,6/12,2010,Chinese Traditional,1B70F297C850452E9C9428BFEC7A1ADD
天池,李玉刚,新贵妃醉酒,9/12,2010,Chinese Traditional,ED43E4CF7FC34277BA127B649CC421C8
新贵妃醉酒,李玉刚,新贵妃醉酒,11/12,2010,Chinese Traditional,FB0017BBAD104F71B8EC6BCF42718706
水墨丹青,李玉刚,新贵妃醉酒,3/12,2010,Chinese Traditional,3CC9EE846EF7414C92FC8A595C3D4058
清明上河图,李玉刚,新贵妃醉酒,4/12,2010,Chinese Traditional,DFBA32AED8A54E6EBBADA1E9607F650F
镜花水月,李玉刚,新贵妃醉酒,2/12,2010,Chinese Traditional,C249532CF72A4381B0FD5763A05C021C
Loving You,杜德伟,滚石香港黄金十年杜德伟精选,1,2003,Chinese Pop,DC4057D7F73F4A4D94E995551BC13D5A
不走,杜德伟,滚石香港黄金十年杜德伟精选,1,2003,Chinese Pop,D4047B2E021C47ACBA6C0E0F02D9D224
天真,杜德伟,钟爱1998新选辑,6/11,1998,Chinese Pop,65B1C57445C64AD982695F339C2A922C
彩虹,杜德伟,滚石香港黄金十年杜德伟精选,2,2003,Chinese Pop,D1EA5BB442354CF79724AA267FA1A38E
情人,杜德伟,滚石香港黄金十年杜德伟精选,3,2003,Chinese Pop,F6E85FEEBC5B424B9A9E643D062B713C
把你宠坏,杜德伟,99情人,1,1999,Chinese Pop,9F873B91180F4220B00664D7E3555B1D
无心伤害,杜德伟,钟爱1998新选辑,4/11,1998,Chinese Pop,3D626C3761B7436A848DAA85D41A6208
着迷,杜德伟,滚石香港黄金十年杜德伟精选,4,2003,Chinese Pop,0529169435BA49F493CC9F33F53F013C
跟着我一辈子,杜德伟,跟着我一辈子,2/10,2000,Chinese Pop,FC2D5DA3CEAF4CBFB6FF1304ED56C578
钟爱一生,杜德伟,滚石香港黄金十年杜德伟精选,5,2003,Chinese Pop,154C4039FEB94A54A763D509C4BF076C
Always On Line,林俊杰,JJ陆,3,2008,Chinese Pop,2D5A163A386E4ABF9887557BEF00DC13
X,林俊杰,100天,1,2009,Chinese Pop,B2367534E6A94646A13A8545B92C11F9
一眼万年,林俊杰,她说,6,2010,Chinese Pop,9196E82C043F4A9EBFD5F11F49BED80D
不潮不用花钱,林俊杰,JJ陆,1,2008,Chinese Pop,3C66C4128D8641F3BE8511280B54DBCC
冻结,林俊杰,乐行者,1,2003,Chinese Pop,D3887181814D47A8B7220E810250C00B
她说,林俊杰,她说,1,2010-12-08,Pop,B2B65EADB82C4B5199C9384049A50191
完美新世界,林俊杰,她说,5,2010,Chinese Pop,856BEBFE201C4C019A67A5FAA56C1855
小酒窝,林俊杰,JJ陆,4,2008,Chinese Pop,38BE19F63C544785B27DF1A319E08BC0
当你,林俊杰,她说,2,2010,Chinese Pop,D7CB2537F4C84D6AA296AF2BAE0B7929
曹操,林俊杰,曹操,1,2006,Chinese Pop,8AE811E631414320AA48ED4C3289B21A
杀手,林俊杰,海蝶夯之唱响世界,1,2008,Chinese Pop,DA365AE69627481E810EC0E611445F21
江南,林俊杰,江南,1,2004,Chinese Pop,4E90D8ADA7FA49D9899C41709C45A1CE
爱笑的眼睛,林俊杰,她说,3,2010,Chinese Pop,3E51D488FA964EF88CEC2FF84F46C2F8
第二天堂,林俊杰,第二天堂 (首批精装版),2/15,2004,Chinese Pop,F34C3B2634AD4925B3CEB4FEC0568917
美人鱼,林俊杰,第二天堂 (首批精装版),12/15,2004,Chinese Pop,2F4324F8FFDA441F82D8DDC864680A34
翅膀,林俊杰,乐行者,2,2003,Chinese Pop,7E51713A45E24A3EA36085C1FFD79AFC
背对背拥抱,林俊杰,100天,2,2009,Chinese Pop,F37B289F8EF14333AA7BC4DCF62CD6F3
被风吹过的夏天,林俊杰,空气,7/10,2009,Chinese Pop,7DF93EEE2BA146C691D600C9D3058734
记得,林俊杰,她说,4,2010,Chinese Pop,250C9EA133294F71840FBD3CC1924D35
醉赤壁,林俊杰,JJ陆,2,2008,Chinese Pop,1E1D90560B9446CB8482BA0585E21018
Fly My Way,林宥嘉,美妙生活,1,2011,Chinese Pop,6F8439025F8844C9B06CFEE2B74BD897
不换,林宥嘉,美妙生活,2,2011,Chinese Pop,69071DD9095B47AF945798847DCC9C24
伯乐,林宥嘉,神秘嘉宾,1,2008,Chinese Pop,F74D48C6E7BB48B097FD3DB63E4074E1
你是我的眼,林宥嘉,爱星光精选  昨天今天明天,8/16,2007,Chinese Pop,DEE733A30384440EA7A13488F10EA2A8
再别康桥,林宥嘉,林宥嘉重返迷宫+ 影音珍藏版),10/12,2008,Chinese Pop,68C65FB1904540EB83E77BE858EA46D4
心有林夕,林宥嘉,林宥嘉重返迷宫+ 影音珍藏版),9/12,2008,Chinese Pop,5EB3A84EA3E34D2F8ECEA39CCFAD2AE6
我总是一个人在练习一个人,林宥嘉,美妙生活,3,2011,Chinese Pop,E5BA88B837D94EC99FBE594EB197535E
残酷月光,林宥嘉,林宥嘉重返迷宫+ 影音珍藏版),7/12,2008,Chinese Pop,EAD338DB49534F88B427258DEF1617BB
爱情是圆的,林宥嘉,林宥嘉重返迷宫+ 影音珍藏版),3/12,2008,Chinese Pop,A74918FD07164496B754827B440022EC
神秘嘉宾,林宥嘉,神秘嘉宾,2,2008,Chinese Pop,96850BE67748419382238155302EA6AF
纪念品,林宥嘉,美妙生活,4,2011,Chinese Pop,0FF6459D7ED6413A8B1BC8AA955F1713
自然醒,林宥嘉,美妙生活,5,2011,Chinese Pop,5EB68297F8534A92A26CB4070D391007
說謊,林宥嘉,感官 / 世界,6/11,2009,华语歌坛偶像,46132BC0EB224E38B0E866C8A5E7F789
为你我受冷风吹,林忆莲,滚石珍藏版金碟系列,2/15,1997,Chinese Pop,E11DF0832CF842A881DD26E04733B10C
伤痕,林忆莲,"Love, Sandy",1,1995,Chinese Pop,02E0AC98E7C34A43A0962137F2EC5EF5
听说爱情回来过,林忆莲,情感万花筒演唱会（DVD）,2/16,2003,Chinese Pop,693B2914E0484CE68D6966FB0F490DCA
夜太黑,林忆莲,夜太黑,1,1996,Chinese Pop,E9C2B3D49BF74DF1ABD148E4323F5210
当爱已成往事,林忆莲,不必在乎我是谁,1,1993,Chinese Pop,96F13203A6284465991A920B11D42072
情人的眼泪,林忆莲,滚石珍藏版金碟系列,15/15,1997,Chinese Pop,8FB5E623781849B69331BA2B923B6449
我明白,林忆莲,滚石香港黄金十年：林忆莲精选,1,2003,Chinese Pop,D31CB353706E42269ABF10D5F74F2A39
爱上一个不回家的人,林忆莲,,7/18,2000,Chinese Pop,08636BEFB8C14833BD43A7F09C5C419F
铿锵玫瑰,林忆莲,滚石香港黄金十年：林忆莲精选,2,2003,Chinese Pop,8BAA191702AA4CD9A85476129E4D4207
你的样子,林志炫,一个人的样子,1,1995,Chinese Pop,D38A2574C0A64CE2863DA5D785B3EEE9
单身情歌,林志炫,单身情歌,1,1999,Chinese Pop,1ED4AE3209A94A46A3E2BF462B51EB95
散了吧,林志炫,散了吧,1,1997,Chinese Pop,22CB5981D31D43398D3690D711295613
林志炫-爱情酿的酒,林志炫,擦声而过,2/10,2001,Chinese Pop,F38624F5FDC3414188F9750491E2D646
林志炫-离人,林志炫,擦声而过,1/10,2001,Chinese Pop,18FC3C360B614F88B67E0BA30791883D
蒙娜丽莎的眼泪,林志炫,蒙娜丽莎的眼泪,1,1998,Pop Vocal,12925F960B714077965D923FAA61BB5E
野百合也有春天,林志炫,擦声而过,7/10,2001,Chinese Pop,A06889CA88744308BD4A22E508E7AFED
河流 Track08,柯以敏,,8/18,2002,Chinese Pop,A403725BB48F47C08803A98B5BAA14A9
爱我,柯以敏,我会永远爱你,2/10,1999,Chinese Pop,421CCA69B3EB4CBCA8BC81E0CD0CCB61
相信爱,柯以敏,爱我,11/12,1997,Chinese Pop,0C2590DD73BD4B3DA246592F98D976C0
空船,柯以敏,谢谢你让我这么爱你,1,2005,Chinese Pop,57E80AF6F11342C9883CC902A211FBF2
凹凸,梁咏琪,透明,1,2001,Chinese Pop,5C366E0666BB413C98AF67114088F425
向左走向右走,梁咏琪,顺时针新歌+精选,2,2005,Chinese Pop,5CD20DFE8D5B42DBB6E4510AF853C737
当我爱上你,梁咏琪,顺时针新歌+精选,1,2005,Chinese Pop,D774BFCA367E41059DC4AEECAC9549E4
新鲜,梁咏琪,顺时针新歌+精选,1,2005,Chinese Pop,A14055293AFB4E3BB5FA80C585948C00
爱情黑盒子,梁咏琪,顺时针新歌+精选,2,2005,Chinese Pop,A5ECB17128E94716ABA724CC5087834D
爱的代价,梁咏琪,顺时针新歌+精选,3,2005,Chinese Pop,C3FBB43DFA5D445AA9F5C5C8CFBD4AA0
短发,梁咏琪,短发,1/10,1997,Chinese Pop,BBF02C03786F40AAAEA16A7F064D1841
胆小鬼,梁咏琪,顺时针新歌+精选,1,2005,,C3BFE34B7DED44B2983FF8906FCA1888
透明,梁咏琪,透明,2,2001,Chinese Pop,A4F93C0C34B042DB9E175C21B188E453
魔幻季节,梁咏琪,魔幻季节 (香港特别版),4/13,2002,Chinese Pop,8DC5182B86C8435384DBF05B85C18014
Happy Holiday,梁文音,情人X知己,3/10,2011,Chinese Pop,E3C50E8CC1B44E39A49B6D05EAA3B87C
受不了,梁文音,情人X知己,4/10,2011,Chinese Pop,73D1680E91E049C58FC7F60C52B70135
够幸福了,梁文音,情人X知己,8/10,2011,Chinese Pop,44EDBCD9F5CF475CA71042DC3324DC78
情人知己,梁文音,情人X知己,1/10,2011,Chinese Pop,C41F9B56FF5D4EB3ABED278C5A9BC2EF
还是朋友,梁文音,情人X知己,10/10,2011,Chinese Pop,EA584A5AC7A741AD94D5B46B224569AB
一秒的天堂,梁静茹,崇拜,1,2007,Chinese Pop,7E77D774E35948B384AA1B48371C11D1
三寸日光,梁静茹,崇拜,2,2007,Chinese Pop,1D6C93D6FEF2493697ABF649CDEF6105
丝路,梁静茹,丝路,1,2005,Chinese Pop,DA7823C486D3476BA0676F5B8540A492
亲亲,梁静茹,亲亲,1,2006,Chinese Pop,DCE6CC27C3DC484185AB64EAA356CF21
会呼吸的痛,梁静茹,崇拜,4,2007,Chinese Pop,1B28CB311B394C1F959CEB49B3C07958
你会不会,梁静茹,情歌没有告诉你,1,2010,Pop Vocal,798B59FF33314AF78422148C27D6CF1F
别再为他流泪,梁静茹,静茹&情歌 别再为他流泪,1,2009,Chinese Pop,8860805CA94E4EA88F8395C7EB767CBB
宁夏,梁静茹,我们的主打歌3,4/15,2008,Chinese Pop,B713CD55B4344A0A88D06F3CBD6E6278
属于,梁静茹,静茹&情歌 别再为他流泪,3,2009,Chinese Pop,38B0815036DA43A5A48136E629549118
崇拜,梁静茹,崇拜,3,2007,Chinese Pop,07AD5AD3B7D541048890724FBF981DB1
情歌没有告诉你,梁静茹,情歌没有告诉你,1,2010,Chinese Pop,8E81832613B744E3BB802EB911EE1406
我就知道那是爱,梁静茹,情歌没有告诉你,2,2010,Chinese Pop,743E81C1933549E08715295AF2462F37
暖暖,梁静茹,亲亲,2/12,2006,Chinese Pop,37BC87BACDCF413EBFA91CFF531CBB05
没有如果,梁静茹,静茹&情歌 别再为他流泪,2,2009,Chinese Pop,2965AAAACB264385BC5D960231E081A1
燕尾蝶,梁静茹,燕尾蝶,1,2004,Chinese Pop,C6857DD32D7B45E4858332BB4BCB3B25
瘦瘦的,梁静茹,丝路,1,2005,Chinese Pop,2240BD2232B04458898A333D76DD7D00
光明,汪峰,信仰在空中飘扬,1,2009,Chinese Pop,81E342ECAD5241DF9E7B7C4F0EE69DA1
怒放的生命,汪峰,怒放的生命,1,2005,Chinese Pop,28AAFF364DE348D19F10051B3C59B1CE
我们的梦,汪峰,,6/12,2008,Chinese Pop,50EBD4833F9A405D9018DCDF91B0F980
春天里,汪峰,信仰在空中飘扬,2,2009,Chinese Pop,43C50E44889246A8945EF054ACBD40AB
晚安北京,汪峰,汪峰飞的更高北京现场演唱会,10/10,1997,Asian Rock,CECFA3F30A38480DB4DEDD014213746F
笑着哭,汪峰,笑着哭,1,2004,,D61C72D2393848538B03189652C6372E
飞得更高,汪峰,笑着哭,1,2004,Chinese Pop,F03392F4041F423AA75C253D5FC2854F
不得不爱,潘玮柏,高手,2/10,2005,Chinese Pop,15BAFDC0BA05475DBD62D68439CA0CFA
反转地球,潘玮柏,反转地球 精装版,2,2006,Chinese Pop,D514ED7E215A41C48B458506A9AC81A3
壁虎漫步,潘玮柏,壁虎漫步,1/10,2002,Chinese Pop,A4F98BF199FA45B9B0FB3E7B60FE327C
快乐崇拜,潘玮柏,Will&未来式,1,2008,Chinese Pop,E65D6C09A8904E7CB10CD9AECA9615A1
我们都怕痛,潘玮柏,808,1,2011,Chinese Pop,A45989754A4E495FA8069039AE74A759
我的麦克风,潘玮柏,我的麦克风,1,2003,Club Dance,CFBAF0A7F66F4774B8231F025F0B501B
来电,潘玮柏,反转地球 精装版,1,2006,Chinese Pop,AF02141C132D4C998E8E5DF65D5C0801
爱上未来的你,潘玮柏,我的麦克风,1,2003,Chinese Pop,879D2A0F78D94D0DAFF9923C8B753AA8
玩酷,潘玮柏,玩酷,1,2007,Chinese Pop,CA00DD8DE23E469080DF3B04D7799945
路太弯,潘玮柏,Will&未来式,1,2008,Chinese Pop,8326B53291504F91A476BDCDC65F5994
转机,潘玮柏,Will&未来式,2,2008,Chinese Pop,D7F084EA8B9A4AEDB868F3CA7346C916
我想更懂你,潘玮柏,反转地球 精装版,3,2006,Chinese Pop,5EADE7F2DB95422DA2404E58AA7DE359
几度夕阳红,潘越云,10年原声剧情片,3/14,1992,Chinese Pop,709A9B732BA14F6D8979480F0864D18A
天天天蓝,潘越云,天天天蓝,1,1982,Chinese Pop,8382AC495DAA4065BCB7AE437AA0B011
我是不是你最疼爱的人,潘越云,滚石珍藏版金碟系列,2/15,1997,Chinese Pop,29EEB0EEB3714CFF9839F47251392155
爱的箴言,潘越云,滚石30青春音乐记事簿Vol.6 恋爱学分,9/15,2012,Chinese Pop,A4C3C0AFFE0F400BA1A472DB41F00FD2
野百合也有春天,潘越云,滚石30青春音乐记事簿Vol.19 祝你幸福,6/15,2012,Chinese Pop,76132EE631D840088292AD325E550A00
Julia,王力宏,盖世英雄台北演唱会,1,2007,Chinese Pop,010DF0A336714D1692B04510126619B4
伯牙绝弦(电影『恋爱通告』概念主题曲),王力宏,十八般武艺,1,2010,Chinese Pop,22E3455E1EB84418B44ED2D067363C19
你不知道的事(电影『恋爱通告』主题曲),王力宏,十八般武艺,4,2010,Chinese Pop,6CB5FC153A384A759431DAA27A0EA8A8
你是我心内的一首,王力宏,改变自己,4,2007-07-13,,9CF479BCB9E04240AAAF37FED4D91E7D
你是我心内的一首歌,王力宏,改变自己,4/10,2007,Chinese Pop,951BAED336214765BB1526433B7F8BA7
唯一,王力宏,盖世英雄,2/13,2002,Chinese Pop,A02183B1C0D442E5A1592C28B37BF2FE
大城小爱,王力宏,盖世英雄台北演唱会,1,2007,Chinese Pop,79220939905F4B33ACEC76F15D9300D0
心中的日月,王力宏,心中的日月,1,2004,Chinese Pop,B11276EC226E43E4B6CEC3E4B04E7D90
心跳,王力宏,心跳,2,2008,Chinese Pop,289A01D769154464A9D90B667FE3DEB7
我们的歌,王力宏,改变自己,3/10,2007,Chinese Pop,8EA1A069F8524D6A83B1E90F5A51DAE2
改变自己,王力宏,改变自己,1/10,2007,Chinese Pop,599D5F6EC04840D98D4ECDD2A13D9B2F
春雨里洗过的太阳,王力宏,心跳,1,2008,Chinese Pop,12638A4BA5364F4A8058B7E1E7B86767
柴米油盐酱醋茶,王力宏,十八般武艺,2,2010,Chinese Pop,FE2E72FF11404B1490FF0C225057AA62
爱你等于爱自己,王力宏,公转自转,1,1998,Chinese Pop,FB276A04D04E4D83B673E83CF966C4CF
爱的就是你,王力宏,唯一,1,2001,Chinese Pop,D8A3B15DA3894DDE842564D4423BA62F
美,王力宏,十八般武艺,3,2010,Chinese Pop,B8C9A511B5FB49D98B7EF74C390855E9
花田错,王力宏,盖世英雄台北演唱会,2,2007,Chinese Pop,03717392168C4A54B531A41264AA6907
需要人陪,王力宏,十八般武艺,5,2010,Chinese Pop,501FDD28A6DE4750B253B09D65D8C138
龙的传人,王力宏,盖世英雄台北演唱会,2,2007,Chinese Pop,E69240F1390B4A1CA8B6FC0B3A5FE41E
住在秋天,王子鸣,住在秋天,,2001,,E9D8E9EA5E474F7D90741261AF2DAB05
偏偏喜欢你,王子鸣,感觉爱情,1,2004,Chinese Pop,A8094B5EE2A148909A9B022BB3818294
城里的月光,王子鸣,感觉爱情,2,2004,Chinese Pop,B14B541D8308411BB444943AB0C32B7A
对你说,王子鸣,感觉爱情,3,2004,Chinese Pop,318BC2E7853E4EFA9FBDBC60928B8CCB
往事如昨,王子鸣,感觉爱情,4,2004,Chinese Pop,A2AFA29D3A3340C2A15DD12B37AFB8B8
心有一扇窗,王子鸣,住在秋天,,2001,,9C6CA29BAA114CA389BD0F75D8227D55
一场游戏一场梦,王杰,一场游戏一场梦,1/10,1987,Chinese Pop,780D9097106A4C5EBDA163051DC25741
为了爱梦一生,王杰,为了爱梦一生,1/15,1991,Chinese Pop,72A91E914735430997BDAEFAF869017C
伤心1999,王杰,从今开始,1,2000,Chinese Pop,89D188420C8741B7892342B69F65A061
你是我胸口永远的痛,王杰,忘了你，忘了我,1,1988,Chinese Pop,2318EF89B54643D596D7DB9AF2940604
安妮,王杰,一场游戏一场梦,1,1987,Chinese Pop,0E246FE51DCC4BC4B4415B858AA011FA
忘记你不如忘记自己,王杰,忘记你不如忘记自己,6/12,1991,Chinese Pop,8DCCAB86AE8D4A448A660B94D7AEAC40
是否我真的一无所有,王杰,是否我真的一无所有,2/10,1989,Chinese Pop,5DC1C2807AE64B04B3100CA22CD7CE25
红尘有你,王杰,我,1,2001,Chinese Pop,967FAAE7966541F09DA919F6180A4FCC
英雄泪,王杰,英雄泪,1/10,1992,Chinese Pop,B92B92152F1940F498744388DC3C1767
谁明浪子心,王杰,谁明浪子心,1,2005,Chinese Pop,C7B732D001954252B7A705FF54EF6837
一直,王筝,钝悟,2,2011,Chinese Pop,23A71F52E5F5481D994CA3027D03181C
你们的爱,王筝,钝悟,3,2011,Chinese Pop,FC73E35017D44C38A8BB63AA54D47267
你还要什么,王筝,春风,1,2004,Chinese Pop,FA05C7F37A1549D28FEBC8F30DE9E771
壁炉,王筝,钝悟,1,2011,Chinese Pop,B0F62463D95145E2A15C438223775E1E
幸福过,王筝,钝悟,4,2011,Chinese Pop,82A4F97EC03F402C9153C1A1ABF32844
影子,王筝,钝悟,5,2011,Chinese Pop,141C763816A34A9786974E0E23B1E100
我们都是好孩子,王筝,我们都是好孩子,1,2006,Chinese Pop,B73E2976EAB34F56844B2DCCCA1E7722
春风,王筝,春风,1,2004,Chinese Pop,241B85E836D74CE4AB31800B9D55963B
没有人比我更爱你,王筝,没有人比我更爱你,1,2008,Chinese Pop,B883535EC4D64F3381914CBF905B4516
越单纯，越幸福,王筝,没有人比我更爱你,2,2008,Chinese Pop,3A20551BF00C46AEBFB3F7A31002CE21
Can't Take My Eyes Off You New,王若琳,Joanna & 王若琳,1,2009,,3A02035D7351413BAAB7CA450BCBE332
For No Reason,王若琳,Start from Here,2,2008,Adult Contemporary,7FD5CCC4094F4BBAADD520996A40DEAD
I Love You,王若琳,Start from Here,3,2008,Adult Contemporary,458452591CE543F4A91B02B246B98071
Lemon Tree,王若琳,The Things We Do For Love,2,2011,Adult Contemporary,DD4F3425ED5A42A28EB453C391E9DBF2
Let's Start From Here,王若琳,Start from Here,6,2008,Adult Contemporary,A18C296A4404472DA4543E5B8BA890A5
Lost In Paradise,王若琳,Start from Here,4,2008,Adult Contemporary,47387B2FEEC04913B6A778FF703AD370
Tikiville,王若琳,Joanna & 王若琳,1,2009,,28DC1110D5144BD796FBA14DA8998AE2
Vincent,王若琳,Joanna & 王若琳,2,2009,Adult Contemporary,8DCE44162E8B42279F48B091AB38F155
Wild World,王若琳,The Things We Do For Love,3,2011,Adult Contemporary,A50CED0A6A0D4C119306A42BD4BFDEC8
三个人的晚餐,王若琳,The Things We Do For Love,1,2011,Adult Contemporary,F1F303D7683D4BCCA153A22C470AA2BF
因为你爱我,王若琳,Start from Here,1,2008,Adult Contemporary,589F63B352584200907D375A7B21A766
有你的快乐,王若琳,Start from Here,5,2008,Adult Contemporary,CFE6AC0AB44544C091DB714FD6ABDCE6
Let's Start From Here,王若琳,Start from Here,1,2008-01-11,Adult Contemporary,880C699661A84F81B2274A1D48A856E1
传奇,王菲,传奇,1,2010,Chinese Pop,E36E22FBFFB34C42844D2018C6EC88BD
但愿人长久,王菲,菲卖品,1,1997,Chinese Pop,28B228630B2A4B2AAA3B6978EF81EA0C
又见炊烟,王菲,但愿人长久,1,2001,Chinese Pop,515066F1C66449BD968AD72EA5CE80B9
天空,王菲,天空,1,1994,Chinese Pop,66BE0CC15A4F418682B526831CBAE6F6
容易受伤的女人,王菲,国语真经典,1,2005,Chinese Pop,96920B8B4652425F9203BE82A174DF18
我愿意,王菲,国语真经典,1,2005,Chinese Pop,3A9A7947E0254057B29B7B22701E2096
旋木,王菲,将爱,1,2003,Chinese Pop,35510F1ABFC24E6EA4B0AAE93F915AF7
暧昧,王菲,Di-Dar,1,1995,Chinese Pop,C8352158E3C04E8BA40AF6900083C516
棋子,王菲,王菲•菲唱传奇,3/15,2010,Chinese Pop,66ED203704F742429F1234DB86B443D5
红豆,王菲,王菲唱游全集 5 in 1,9/10,2004,Chinese Pop,67E4995AE0D545848828B2FE23D10062
干杯朋友,田震,田震上海演唱会 干杯朋友（DVD）,1/13,2001,Pop Vocal,93FE1032CF9145D58FE5441C259F0D86
执着,田震,田震上海演唱会 干杯朋友（DVD）,4/13,2001,Pop Vocal,58DD1DDA823F4149BA23F95B8C714D12
水姻缘,田震,十年辉煌中国歌曲排行榜(1993-2002) 1995年度十大金曲,1/15,2002,Chinese Pop,A4FE78B001604494B8B713329BFB284F
田震-执着乡谣版,田震,"干杯,田震 1995-2001作品全集",1,2005,Chinese Pop,68B1800E61B945F38A61F7D96D4719B5
野花,田震,"干杯,田震 1995-2001作品全集",1,2005,Chinese Pop,A109182484CC4D35A88B0D361D9CDC88
靠近我,田震,十年辉煌中国歌曲排行榜(1993-2002) 1995年度十大金曲,10/10,2002,Chinese Pop,68FB26BD5BFC4FB0BA3EBBB31B4550F1
Love,田馥甄,To Hebe,1/11,2010,Chinese Pop,F1E1FDF08E344515B86CC960EB8DD9BB
To Hebe,田馥甄,To Hebe,2/11,2010,Chinese Pop,501EDC17693A4D2D92CBF8175684E1E2
寂寞寂寞 就好,田馥甄,To Hebe,7/11,2010,Chinese Pop,445BA736EBC140BDBA687B913E969453
我对不起我,田馥甄,To Hebe,5/11,2010,Chinese Pop,ECD690861C464DDF8DDF7391F0CE1F50
没有管理员的公寓,田馥甄,To Hebe,4/11,2010,Chinese Pop,DE6B26840D754AC3A2FE3DB8A5A637BA
上帝保佑,窦唯,黑梦,1,1994,Asian Rock,68F0380A314E41B2A02EF6E22634C6E5
出发,窦唯,艳阳天,1,1995,Asian Rock,994917E4CD59405A90634580CF293DD9
噢！乖,窦唯,黑梦,2,1994,Asian Rock,8ABE5517CE524825AAF593C319E4DCEE
山河水,窦唯,山河水,1,1998,Electronica Mainstream,1650B6B3BBB342CB9F96955C3D415F2E
晚霞,窦唯,艳阳天,9/11,1995,Asian Rock,0D130E56ECF84E8F93F7886B24FF4036
窗外,窦唯,艳阳天,2,1995,Asian Rock,1C451970F58945B380AC2502045969C8
艳阳天,窦唯,艳阳天,3,1995,Asian Rock,5A98386DED554B02A756AD414778C904
雨吁,窦唯,译·雨吁,6/12,2006,Asian Rock,D0C3813CFA9C494DB14F70FFB36C286B
高级动物,窦唯,黑梦,3,1994,Asian Rock,767DD747093B45BCAF42D4C4B92307B0
黄昏,窦唯,艳阳天,1,1995,Asian Rock,A71F779CFD714D47937E760923C6E835
一世情缘,童安格,一世情缘 回首的梦,1/10,1991,Chinese Pop,3B595D30656E4816807B1F49D1FFAA07
其实你不懂我的心,童安格,其实你不懂我的心,1,1989,Chinese Pop,80092E4AC0A448F2AE4DEE90C93CE606
把根留住,童安格,花瓣雨,1,1990,Chinese Pop,3F89013A1AF740D08F6913DAD70D909E
明天你是否依然爱我,童安格,其实你不懂我的心,2,1989,Chinese Pop,383390D93E3F497191A2653982A53738
游戏人间,童安格,谢谢最深爱的你(黄金纪念版),4/17,1995,Chinese Pop,6CC39611CEFB44DDAE159A3737EEBB19
耶利亚女郎,童安格,梦开始的地方,1,1989,Chinese Pop,55AC104F435F4309B952CF66911D4043
让生命等候,童安格,忘不了您,1,1981,Chinese Pop,99606DA9300F46249408F34016957FC9
亡命之徒,纵贯线,北上列车,1,2009,Chinese Pop,AC24E40C2E2344BC9F4AB64B473D4BE8
公路,纵贯线,北上列车,2,2009,Chinese Pop,0C52075AF1174FB389B46F4DD5E77F70
天使的眼泪,纵贯线,北上列车,1,2009,Pop Vocal,97AE1A74AE9D4F49BBA751351D3D2A3D
归来,纵贯线,南下专线,2/,2010,Chinese Pop,348AC583D77A4E7A8C8DD2475A6C6FDC
感应,纵贯线,南下专线,1,2010,,A92187AF61514625A7E4731C8C41029F
抱着你,纵贯线,北上列车,3,2009,Chinese Pop,4FED85382D174470A9F17FBFD5432335
纵贯线兄弟姐妹,纵贯线,北上列车,4,2009,Chinese Pop,A5972E0039514EBFA8FEEC08CC83C281
给自己的歌,纵贯线,滚石30青春音乐记事簿Vol.14 午夜电台,11/15,2012,Chinese Pop,C2A73FD47BFC48C598DA84C9014C0D3B
之乎者也,罗大佑,之乎者也,1,1982,,C08763A4EDFF4765B0984DB142BD37C9
乡愁四韵,罗大佑,之乎者也,2,1982,Chinese Pop,AD9915DA320A41C9BA5D0F7C7C205BB2
你的样子,罗大佑,爱人同志,1,1988,Chinese Pop,7138864F2FDF4613B2E2FE17B36E2165
恋曲1980,罗大佑,之乎者也,3,1982,Chinese Pop,6C6D838AC63C48578E75145D845407B7
童年,罗大佑,之乎者也,4,1982,Chinese Pop,1963B67B0F72416F9DB88FD7EF6675C3
决别诗,胡彦斌,男人歌,1,2007,Chinese Pop,D929B762E6BE4FE9819B9F11983BA451
包袱,胡彦斌,文武双全,1,2002,Chinese Pop,3BD7A96C433C45049D05EFCB96BEC5EC
婚礼进行曲,胡彦斌,男人歌,2,2007,Chinese Pop,4CBAC018E68E4E05B230FCF3EF4E1A29
巴黎铁塔,胡彦斌,音乐斌潮,1,2008,Chinese Pop,4676648FEEA745FF8AEB4D0E03D2ACDC
我的未来不是梦,胡彦斌,MuSiC 混合体,1,2004,Chinese Pop,B759B898E88C493B8BC10B979240EBF2
潇湘雨,胡彦斌,男人歌,3,2007,Chinese Pop,23C19CF385D548508AA28B70AF6AFAFB
男人KTV,胡彦斌,音乐斌潮,2,2008,Chinese Pop,6A1B50CE0ACA4CEBB7EE6F93A4B48850
皇帝,胡彦斌,音乐密码,1,2006,Chinese Pop,238D8FACA8A34794BB3E227E3BA19B06
红颜,胡彦斌,MuSiC 混合体,2,2004,Chinese Pop,ED38828D3C4A4C9C8C22C9626BC88E21
葬英雄,胡彦斌,音乐密码,2,2006,Chinese Pop,CE0BD174A4A54BA5A7D30BCAADA84930
在那遥远的地方,腾格尔,腾格尔发烧名盘精选,6/15,2003,华语歌坛偶像,F88555308172494B9184AF5774F811FC
天堂,腾格尔,天堂,1,2001,Chinese Pop,33732498F0544E548B02CEBEDD22619A
我热恋的故乡,腾格尔,腾格尔,8/15,2003,Chinese Pop,559DECA1F65C4004990F15D34417E841
父亲和我,腾格尔,天堂,2,2001,Chinese Pop,26660A351BF446FBA1ED3B315CD5C18A
蒙古人,腾格尔,天堂,3,2001,Chinese Pop,14D2ED56091C4A71BCBA578B985A7410
Lemon Tree,苏慧伦,失恋万岁,1,1998,Chinese Pop,74874992A7D04193B4D73A869140BD03
傻瓜,苏慧伦,傻瓜,1,1997,Chinese Pop,312056DA6BF64DAAA97E521C7E2A5B56
哭过的天空,苏慧伦,Lemon Tree,1,1996,Chinese Pop,C290D9C42A59487DA7390F7E3CE3067C
天下大乱,苏慧伦,单曲,11/16,1999,Chinese Pop,772D5B2F42B64CDAA401D1AF9A0F1869
我一个人住,苏慧伦,爱上飞鸟的女孩,4/12,1994,Chinese Pop,8ACBB74B187D4B50B3CAC85B83C6A04D
被动,苏慧伦,失恋万岁,2,1998,Chinese Pop,0F3EDD099F404795BC302E3ACC331EDB
鸭子,苏慧伦,鸭子,2/10,1996,Chinese Pop,1E6BFDEB6EE94373A13A2C33EA4F9EA5
黄色的月亮,苏慧伦,傻瓜,1,1997,Chinese Pop,346E1CFD2ADF41FEA280BCC79B4469EB
一千座喷泉,苏打绿,春·日光,1,2009,Asian Rock,14723758C31F4FA08E2AC44FC37B2B49
十年一刻,苏打绿,十年一刻,1,2010,Asian Rock,E876CB7B9D0646E786462CB7B287E112
小情歌,苏打绿,小宇宙,2,2006,Asian Rock,ADB5CA21BC384291B616F0B0A8662194
左边,苏打绿,无与伦比的美丽,1,2007,Asian Rock,2FCB6FB7EF884721B3660EC3849D3963
无与伦比的美丽,苏打绿,无与伦比的美丽,2,2007,Asian Rock,1C867F0A1EC94EACA1DEB170FBE80805
日光,苏打绿,春·日光,2,2009,Asian Rock,D8CCBD8FA6A84687B97E8509247F3F4C
相信,苏打绿,无与伦比的美丽,3,2007,Asian Rock,65D8851339EC4E3D97FCFD7160D928A9
融雪之前,苏打绿,春·日光,3,2009,Asian Rock,45CF032398C042918E98AA577268B738
追追追,苏打绿,十年一刻,2,2010,Asian Rock,56165305992D437D80973A7AC3183FB1
奉献,苏芮,台北·东京,2/10,2012,Chinese Pop,7A943CD7FEC84AEA87CA461EF01E1EC4
牵手,苏芮,牵手,1/10,1993,Chinese Pop,5F080DA1E1944DA7B2B951409EB50F6A
请跟我来,苏芮,苏芮国语精选十六首：华纳国语超极品音色系列,4/16,1998,Chinese Pop,96D1E0401CB740E8A360D4498B57B03D
跟着感觉走,苏芮,台北·东京,10/16,2012,Chinese Pop,0C5A52A0734B441F9202BC93AF393DA9
酒矸倘卖唔,苏芮,苏芮国语精选十六首：华纳国语超极品音色系列,16/16,1998,Chinese Pop,8C8D0A375E424B5DB4FC5489F9A64F23
Darling,范晓萱,星星精选,15/17,2001,Chinese Pop,4B87710D60B54FF79A98406570AB79A0
Rain,范晓萱,Rain,1,1995,普通中国流行音乐,A056B6A300344CCF9821C2D6C1BBD222
你的甜蜜,范晓萱,自言自语,3/10,1995,Chinese Pop,6F0DA852855C4E9E88B3FE2BFD46A21A
好想谈恋爱,范晓萱,星星精选,14/17,2001,Chinese Pop,33FB454E91B642E6A60226BFB461898C
我要我们在一起,范晓萱,我要我们在一起,1,1999,普通中国流行音乐,A8BB4D9B6DF848F99EE4693F872DBB11
深呼吸,范晓萱,Rain,2,1995,Chinese Pop,434186F0B8A642E6905448508884B98D
一个像夏天一个像秋天,范玮琪,我们的纪念日,1,2006,Chinese Pop,91C0B50C5510480798C7395B5690DBCD
到不了,范玮琪,范范的世界,8/11,2000,Chinese Pop,AD3A3A9F617B44109E77136E11BDB5E0
可不可以不勇敢,范玮琪,真善美,5/11,2003,Chinese Pop,D7D6F85056C642E18C39BADC1307E7CC
启程,范玮琪,Faces Of FanFan,1,2008,Chinese Pop,64A94B8A29AB4AABA0673CD0E8ABEE59
如果的事,范玮琪,一比一,1,2005,Chinese Pop,14D22315F12641608C713B88DE6BF662
我们的纪念日,范玮琪,我们的纪念日,2,2006,Chinese Pop,C2F9D99E958B4441BAE01D1FA86AC450
最初的梦想,范玮琪,最初的梦想,2/11,2004,Chinese Pop,4622E57FFC6D4A8D8B79DD72AE32248C
那些花儿,范玮琪,真善美,1/11,2003,Chinese Pop,0F78AAF5CE614AAD956F22BA719C1A71
LONELY,草蜢,Lonely,6/14,1991,Chinese Pop,626D409922F24310B701677A2D93D306
失恋,草蜢,宝丽金最新超白金精选,6/17,1989,Chinese Pop,B18D35C7E6D647BCB95BB9B10C6F128A
失恋阵线联盟,草蜢,失恋阵线联盟,3/14,1990,Chinese Pop,7F7108E702DE4D1FA0D7EAC1B70C804A
宝贝对不起,草蜢,宝贝对不起,1,1993,Chinese Pop,91991902D41F485AB0B508AEFF130B70
心中的歌,草蜢,宝丽金最新超白金精选,9/17,1989,Chinese Pop,EF6C9B19A11F44E1BD7D01A2EB04E099
忘情森巴舞,草蜢,我们的草蜢,1,2005,Chinese Pop,1262FA2C600F4DF696429315A1122907
暗恋的代价,草蜢,暗恋的代价,16/16,1994,Chinese Pop,15ECEFB184E149429CEFFF1F3B2C75F5
朋友,草蜢,宝丽金最新超白金精选,5/17,1989,Chinese Pop,6F83CB74990A4F88945FA6F13F59D56D
永远爱着你,草蜢,宝丽金最新超白金精选,8/13,1989,Chinese Pop,53DF3B34EDB447C18DFF633ED835A9AA
他不爱我,莫文蔚,Karen More·新歌精选全纪录2,1,2009,Chinese Pop,0E6CBE411EDF45D2A56DA98B2878C7BC
广岛之恋,莫文蔚,做自己,5/12,1997,Chinese Pop,C2BF1DFBB5664BC5A0CDA4E38F89FBB2
忽然之间,莫文蔚,Karen More·新歌精选全纪录2,2,2009,Chinese Pop,83AA237BEB6F4B179D454C8D0B0D388E
没时间,莫文蔚,滚石香港黄金十年莫文蔚精选,1,2003,Chinese Pop,DEB62460FDBD4923B5DB54686528A1BB
电台情歌,莫文蔚,做自己,7/12,1997,Chinese Pop,FB45DFCBE0664D34A601109369766F4D
盛夏的果实,莫文蔚,滚石香港黄金十年莫文蔚精选,1,2003,Chinese Pop,6BA86F913E5D41ADB4AAB41822601A52
阴天,莫文蔚,你可以,1,1999,Chinese Pop,234159B3BF3C4DAD8D61C2D24A19A942
Blues,萧敬腾,洛克先生Mr.Rock演唱会Live纪实,1,2010,Chinese Pop,F24540426044461DA1F11A46A09463D6
会痛的石头,萧敬腾,洛克先生Mr.Rock演唱会Live纪实,4,2010,Chinese Pop,DEE182E80CA84B929596B2D07310A858
倒带,萧敬腾,LOVE Moments 爱的时刻,1,2009,Chinese Pop,4B1709ED383E44FAB8EF2F63914141E1
原谅我,萧敬腾,洛克先生Mr.Rock演唱会Live纪实,2,2010,Chinese Pop,A3FDFDC61F8C4AC1B9966073BA292FD6
只能想念你,萧敬腾,狂想曲,1,,Chinese Pop,256C965A1EB049AFB2D48EB3E3451EB5
复制人,萧敬腾,狂想曲,2,,Chinese Pop,B769C0B6166449BF8B87E0D9DBEFB29F
好想对你说,萧敬腾,狂想曲,1,,Chinese Pop,2DAF992528AE4D7C842AD13AB2ABC6C6
开到荼靡,萧敬腾,LOVE Moments 爱的时刻,4,2009,Chinese Pop,26E74085559C4F90899B8BF1E606A8F0
怎么说我不爱你,萧敬腾,狂想曲,3,,Chinese Pop,C3607E0506E44A32842E94487D9A5FBC
我不会爱,萧敬腾,洛克先生Mr.Rock演唱会Live纪实,5,2010,Chinese Pop,A1CB61DD46B64A70A6F5527947D164E3
我怀念的,萧敬腾,洛克先生Mr.Rock演唱会Live纪实,6,2010,Chinese Pop,80DF03B7603048A387D7A48CD2AA72F8
新不了情,萧敬腾,LOVE Moments 爱的时刻,3,2009,Chinese Pop,60F4867DF5274EF29BA3C882B7B80F32
梦一场,萧敬腾,LOVE Moments 爱的时刻,2,2009,Chinese Pop,1097BDE2578A4AC09C42F979A28AD55D
海芋恋,萧敬腾,洛克先生Mr.Rock演唱会Live纪实,3,2010,Chinese Pop,50AFA146CBEE46D6A21464C0782F23C8
狂想曲,萧敬腾,狂想曲,1/,,Pop Vocal,9BAB3D52D2A24D09A29A703596CFD5D1
王妃,萧敬腾,王妃,1,2009,Chinese Pop,A96BE19257014A588F073CC3D1882FD5
王子的新衣,萧敬腾,萧敬腾同名专辑,1,2008,Chinese Pop,CFB586F79A6E4CACB72BFD10A67F0347
疼爱,萧敬腾,萧敬腾,5/20,2008,Chinese Pop,32BDEA1D6DB6464D94F4EAB506AFD753
白蛇传,萧敬腾,狂想曲,4,,Chinese Pop,2AA4501A01284E41B30ABEFE537E1B59
阿飞的小蝴蝶,萧敬腾,洛克先生Mr.Rock演唱会Live纪实,7,2010,Chinese Pop,66F1685784E74EB782A8338445554631
你是我的眼,萧煌奇,我们的故事,1,2006,Chinese Pop,C1C5FFA2ACCB459490263454F5C7E1DF
其实我也不知道,萧煌奇,我是萧煌奇,1,2008,Chinese Pop,6DDAE57C71654121B52A14F069D5B3FA
另眼相看,萧煌奇,孤独的和弦,1,2011,Chinese Pop,5B1A84FB583944E28D4452C7BE4A8F92
大富翁,萧煌奇,孤独的和弦,2,2011,Chinese Pop,03A8028E18BB4D8DBBC455017CC2CF37
好达的男人,萧煌奇,孤独的和弦,3,2011,Chinese Pop,1B943B329830462BB40F098EF58A5605
孤独的和弦,萧煌奇,孤独的和弦,4,2011,Chinese Pop,D861948A1E924E1E90F6ED42C09F40AF
点点点,萧煌奇,我是萧煌奇,1,2008-12-12,Chinese Pop,BA63319EBA3B4984B2F034831A15BC58
末班车,萧煌奇,孤独的和弦,1,2011,Chinese Pop,7C42FB9D7E0E4176B4A43D73A1219CAD
点点点,萧煌奇,我是萧煌奇,2,2008,Chinese Pop,BFD26896B38D4A868E5C83C335DEB010
秋天的思念,萧煌奇,我是萧煌奇,3,2008,Chinese Pop,58D97BF713164D478E1845410C42F43B
万物生（中文）,萨顶顶,万物生,6,2007,Electronica Fusion,BC4B42393D294107B472D7ECF8A7D29C
琴伤,萨顶顶,万物生,5,2007,Electronica Fusion,C67FE0F0095E42E5B87BA368B421643B
神香(藏文),萨顶顶,万物生,2,2007,Chinese Pop,2F30751D32674CA39590A8ED2390BDC1
自由行走的花,萨顶顶,万物生,7,2007,,3ACAFFD7E13C4A6292335C69C1422D91
锦衣卫,萨顶顶,万物生,3,2007,,64A4E8A8E78A49C6BEFA077ADF3145B9
飞鸟和花,萨顶顶,万物生,2,2007,Electronica Fusion,F9B45D7D5483458FB769FA4D06183A80
Love Love Love,蔡依林,城堡,1,2004,Chinese Pop,735224123B8A4B28B66965D820E005C8
倒带,蔡依林,城堡,2,2004,Chinese Pop,03ECF6F1AC624A7DAE1665632BE3362F
就是爱,蔡依林,城堡,3,2004,Chinese Pop,B493423C1A894F94B9864C828E8D80A8
布拉格广场,蔡依林,看我72变,5/11,2003,Chinese Pop,BE3B2F7EEC83478BAE32F4C8847FB305
招牌动作,蔡依林,J9 新歌＋PARTY,1/11,2004,Chinese Pop,83EB5EAB7EAE41F39B57066320920715
海盗,蔡依林,J-Top冠军精选,8/11,2006,Chinese Pop,E8F4849E532E44429BF17464B4419B5B
爱情36计,蔡依林,城堡,4,2004,Chinese Pop,3231BC5EEB4B47209ED5183B3A92199D
看我七十二变,蔡依林,看我72变,2/11,2003,Chinese Pop,60C54AD5C42549E599E7B50ACBBC52D9
许愿池的希腊少女,蔡依林,野蛮游戏,1,2005,Chinese Pop,F5BC8F9C818C4D20A8CFA53DC3A1A5B3
野蛮游戏,蔡依林,J-Top冠军精选,2/12,2006,Chinese Pop,FD7B1C8D693A4FD88C891FDAC5664C13
依恋,蔡淳佳,等一个晴天,1,2006,,BEF99CB14547432DB7136F8F80D47F5D
眼睛,蔡淳佳,蔡淳佳 JOI,3/12,2004,Chinese Pop,11974839DADA4753835BFF0C0F5B448B
等一个晴天,蔡淳佳,等一个晴天,1,2006,Chinese Pop,BCDAA4D833D044E7B8B402E57B461BA4
银白色月光,蔡淳佳,蔡淳佳庆幸拥有蔡淳佳,4/15,2008,Chinese Pop,998C56AF47F94D30ACADEAA3A7602BDD
风铃,蔡淳佳,等一个晴天,2,2006,Chinese Pop,367F32EE7E8047E885B192946BE5D5B0
你的眼神,蔡琴,民歌蔡琴,1,2001,Chinese Pop,16C22E1C4DA54B07AB58BA70CA6CF1BC
天涯歌女,蔡琴,金片子一——天涯歌女,1,2002,Chinese Pop,68483F01226A46A29ACD6B712CE7BFA2
恰似你的温柔,蔡琴,蔡琴精选,7/16,1999,Chinese Pop,7B0B0F9116D345B3B397D00D32CBCB48
把悲伤留给自己,蔡琴,蔡琴与鲍比达遇见(1VCD),9/12,2000,Chinese Pop,3AF422CA50E549ECB2C62E603AD21CCF
敖包相会,蔡琴,银色月光下,1,2004,Chinese Pop,9A0EB4671A0F4065981E2821498B8571
渡口,蔡琴,试音·蔡琴,1,2006,Other Easy Listening,47EE6B269C3140AC87AA1E5CC837EADB
相思河畔,蔡琴,最动听的...蔡琴,16/16,2004,Chinese Pop,667D321AFE5F42F8853FA04217076BFA
被遗忘的时光,蔡琴,民歌蔡琴,2,2001,Chinese Pop,E157988806E0438881A417E6E4B24C19
你知我知,谭咏麟,宝丽金粤语珍藏版－男人篇,9/14,2004,Chinese Pop,3144AFD0E59B4F7E9CDDDBE5C412E8EA
卡拉永远OK,谭咏麟,难舍难分,1,1990,Chinese Pop,42C8E1FC94F5407AB1B474A1AB5435F2
情义两心知,谭咏麟,宝丽金最新超白金精选,1/13,1989,Chinese Pop,2B5401931B914E3FBCB3D558FA7E5B36
朋友,谭咏麟,浪漫经典,4/13,1988,Chinese Pop,5E1AED6D9D744EAE9F6F6BBA37E10735
爱在深秋,谭咏麟,宝丽金粤语珍藏版－男人篇,5/14,2004,Chinese Pop,28EA20838A1C4E2F86E3B848E4AF07EE
一言难尽,迪克牛仔,黄金十载,1,2004,Chinese Pop,E5CF5643C74E47168F1E5941CF3FEC98
三万英尺,迪克牛仔,黄金十载,2,2004,Chinese Pop,614134B5FD7A493BA4D4D4E5C1267C19
你知道我在等你吗,迪克牛仔,黄金十载,3,2004,Chinese Pop,6A03CB2825CD47CF8E6C6203D5872147
值得,迪克牛仔,黄金十载,4,2004,Chinese Pop,083536A09785404EBFA6A9508A38B678
原来你什么都不要,迪克牛仔,黄金十载,5,2004,Chinese Pop,3782FA7D4AC94A2986DAE2A3AF95C7E8
吻别,迪克牛仔,黄金十载,6,2004,Chinese Pop,D6387B21475A46BEAF0B42813B22416E
我这个你不爱的人,迪克牛仔,我这个你不爱的人,1,2000,Chinese Pop,8ED7FAAE896B42F0A760AC9D37A20AE0
放手去爱,迪克牛仔,风飞沙,1,2007,Chinese Pop,22202554ED804888969AA34BA968FC25
有多少爱可以重来,迪克牛仔,黄金十载,7,2004,Chinese Pop,F6B957160D7F4D1189E1D768CC399FC9
梦醒时分,迪克牛仔,黄金十载,8,2004,Chinese Pop,F88F98A10C064CC9BF3FB7C0D655913D
爱如潮水,迪克牛仔,黄金十载,9,2004,Chinese Pop,D234A54354B84CE09B1E09000EDB6BCB
爱无罪,迪克牛仔,我这个你不爱的人,2,2000,Chinese Pop,86838C1EB0584DF6B7F5473CA00A1C44
解脱,迪克牛仔,黄金十载,10,2004,Chinese Pop,79FBA51EFF4247AA95B17BB70D66E052
酒干倘卖无,迪克牛仔,黄金十载,11,2004,Chinese Pop,4F1BE438F1F1428D89B27C9F0B8902D3
又见炊烟,邓丽君,邓丽君 4 in 1 珍藏集,7/19,2003,Chinese Pop,8F5EC8B27FE14B62A1B6EACFBADD2402
夜来香,邓丽君,邓丽君月亮代表我的心,8/18,2000,Chinese Pop,D3B568A8DA514326A487AEF04C864E1C
小城故事,邓丽君,邓丽君月亮代表我的心,2/18,2000,Chinese Pop,752850267D634D62B70B7AFB4B5A09B8
我只在乎你,邓丽君,邓丽君极品之选,1,2003,Kayoukyoku & Enka,BE79AEF5327C4E2EB86DED5D4C968073
月亮代表我的心,邓丽君,邓丽君漫步人生路,1,1988,Chinese Pop,E0C3B849F41843329FF76C43BE32FE85
甜蜜蜜,邓丽君,邓丽君月亮代表我的心,18/18,2000,Chinese Pop,86AABF80DF7B48BBBBEBF2347A8E2F0E
一笑而过,那英,我不是天使,1,2001,Chinese Pop,DEE5CF5AE38F4B4E8065E8DF4ED80BA3
不管有多苦,那英,那英全经典,1,2002,,C216ADA056E344E990043FE14D6895D7
征服,那英,征服,1,1998,Chinese Pop,7D538DED7B1B4EF78DD69007F5750256
相约98,那英,十年辉煌中国歌曲排行榜(1993-2002) 1995年度十大金曲,1/10,2002,Pop Vocal,A5C903AFEFAC4ED4A36A062F1C11DA15
雾里看花,那英,十年辉煌中国歌曲排行榜(1993-2002) 1995年度十大金曲,4/10,2002,Chinese Pop,31859393306544ECBAF4FEDC7550B452
青青世界,那英,清新世界 影视.创作歌曲专辑,1,2004,Chinese Pop,1928E67875C84EE18D72BC5C79A184C0
北京 北京,郝云,郝云北京,1,2008,Pop Vocal,B7D5862878E04951BA82B54B0B125220
卖艺的小青年,郝云,突然想到理想这个词,1,2010,Country,631372A3CEE14AF08171339CBB776BB8
突然想到理想这个词,郝云,突然想到理想这个词,2,2010,Country,B8A114C5349D423195443DC728F313F7
结了,郝云,突然想到理想这个词,3,2010,Country,EA4908D1947F496DABAC147C20F6C5DF
逃跑的木偶,郝云,突然想到理想这个词,4,2010,Country,5F5038657A0D4DB1833ECA256C7EA7E9
三生石 三生路,阿兰,心的东方,1,2009,Chinese Pop,38B427FE7F5340E1B73B2D4DA0601EA4
心·战 ～RED CLIFF～,阿兰,心的东方,1,2009,Japanese Pop,AF7A2668EB1E490EBEEA27A30AFED429
我的月光,阿兰,兰色 ～ Love Moon Light ～,2/,2010,Chinese Pop,38CE945D69EB4E979A3CC2F7B5E105FC
炫影~Sharp Light~,阿兰,兰色 ～ Love Moon Light ～,1,2010,Chinese Pop,960C634DFC4949AF8C327146554CBE41
落单的翅膀,阿兰,兰色 ～ Love Moon Light ～,3/,2010,Chinese Pop,E50B80A2A23A439C9CF776AA72351506
赤壁 ～大江东去～,阿兰,心的东方,2,2009,Chinese Pop,D714960273334FC1885F3149969C23A2
他一定很爱你,阿杜,醇情歌,1,2004,Chinese Pop,616B8678CF8B481193586240F0C1A5F9
天天看到你,阿杜,天黑,1,2002,Chinese Pop,9CF4BA8155C647D2918E963299DAD826
天黑,阿杜,天黑,1,2002,Chinese Pop,33DF7BB33BBA4E95B2C5B261DAC22C1B
撕夜,阿杜,天黑,1,2002,Chinese Pop,92111E09F7964FAB9B021C3397B452BE
无法阻挡,阿杜,天黑,1,2002,Chinese Pop,5AC3ECF18C5A46E9B51BB137E9FA5C08
Angel,阿桑,寂寞在唱歌,1,2005,Chinese Pop,1B841062567E4D3B99597012D338D056
一直很安静,阿桑,寂寞在唱歌,2,2005,Chinese Pop,8B5EF96747F541BEBB13B871E75F3000
叶子（秋天版）,阿桑,受了点伤,1,2003,Chinese Pop,1B71E5CFF3B74C6790C8E43BFCE66994
寂寞在唱歌,阿桑,寂寞在唱歌,3,2005,Chinese Pop,9B8401BCB1D64363B7D726D512AC558E
温柔的慈悲,阿桑,受了点伤,2,2003,Chinese Pop,28D3676F8A734813A447002B562F125A
婴儿,陈倩倩,异想天开,1,2003,Chinese Pop,AC72863B95534E74B28B6ECA3F9C818D
异想天开,陈倩倩,异想天开,2,2003,Chinese Pop,70E880F2832D4CEB859BDE8B14026186
无拘无束,陈倩倩,异想天开,3,2003,Chinese Pop,12B232ADEB174043AED201F636A52BA6
秋千,陈倩倩,异想天开,4,2003,Chinese Pop,D3E1407A38804919B75163EF513A9621
芭比,陈倩倩,倩倩的十个白日梦,1,2005,Chinese Pop,93FD382D6CE74CE0B85322F80C683D12
蓝颜知己,陈倩倩,倩倩的十个白日梦,2,2005,Chinese Pop,44E18CA6A56B4D9080AEB16FCBE62D30
鸢尾花,陈倩倩,倩倩的十个白日梦,3,2005,Chinese Pop,927D3A84E7E543498B282631D38065B4
别说,陈冠蒲,就让你走,1,2002,Chinese Pop,626F5DE7ED61403A8409C51716D4DD6A
太多,陈冠蒲,就让你走,6,2002,Chinese Pop,715D930346A44D1E9837463E36D8BBEE
好聚好散,陈冠蒲,就让你走,2,2002,Chinese Pop,40E963EF73034EF4896AD4C84364EBF8
就让你走,陈冠蒲,就让你走,3,2002,普通中国流行音乐,53D63CB1A83F4AB799BCBB2152D17746
情人朋友,陈冠蒲,就让你走,5,2002,Chinese Pop,5C7A1415D54C4BDA8A3EB6DAB90B2AD3
蓝眼泪,陈冠蒲,就让你走,4,2002,Chinese Pop,86EA43415FEC4A1E9F6F650DF20DA76D
K歌之王,陈奕迅,反正是我,1,2001,Chinese Pop,109C990F983D4C5199D68B7722F3F248
你的背包,陈奕迅,THE FIRST ELEVEN YEARS然后呢 1997-2007跨世纪国语精选,1,2008-03-25,Pop,F2213B23625544C08FC7026611148B01
全世界失眠,陈奕迅,反正是我,2,2001,Chinese Pop,CD28B5D065104A10AB462D70CFA633B3
十年,陈奕迅,黑 白 灰,4/10,2006,Chinese Pop,24776E667D61438BACF24D169C353B0C
圣诞结,陈奕迅,THE FIRST ELEVEN YEARS,1,2008,Chinese Pop,126EA2AA1B3A4571BEADC6D029F4C179
好久不见,陈奕迅,认了吧,2,2007,Chinese Pop,4CD63D9CA7D74AEC87693BCCB5F2B62D
淘汰,陈奕迅,认了吧,1,2007,Chinese Pop,189555B0198F42E094A9316C0D18AFE0
爱情转移,陈奕迅,认了吧,1,2007,Chinese Pop,346ABFFF8E874EE0A7E74B2DD80A5B94
红玫瑰,陈奕迅,What's going on...,1,2006,Chinese Pop,1A2340C1CF154DDBB6249E7C78AD0482
谢谢侬,陈奕迅,Special Thanks to...,1,2002,Chinese Pop,6F64983B886C4B7EB2402052D839E79F
不如跳舞,陈慧琳,花花宇宙,1,2000,Other,8214981C7A434EB1B857EDF1D2D2AB9A
希望,陈慧琳,我是阳光的(台湾版),10/11,2005,Chinese Pop,4DF6453AF8444094AE0B412090C1BBB7
有时寂寞,陈慧琳,Kellylicious,1,2008,Chinese Pop,2663C940205A45AC8F56B3A8A57EC66C
熏衣草,陈慧琳,大日子,1,2000,Chinese Pop,B652FDC95F7E48D495EEEC048799C0C2
记事本,陈慧琳,爱我不爱,1,1998,Chinese Pop,F4AC8622C48A4C35BF557310D5D64092
随梦而飞,陈慧琳,Kellylicious,2,2008,Chinese Pop,3AE33935E1974DA6AA98FF216EB0EE13
一个人唱情歌_,陈楚生,冬去春来,1,2009,Chinese Pop,7CB421C396894A27A019CE6F342006A5
与你同在,陈楚生,冬去春来,1,2009,Chinese Pop,9DCB877BDB4C4E19AC9977EE04B0D659
凤凰花又开,陈楚生,原来我一直都不孤单,1,2008,,29A36620E0D14D7F92C9BE963559034A
原来我一直都不孤单,陈楚生,原来我一直都不孤单,2,2008,,F33E2C4ACF7E4456BF9BCB59256552C9
山楂花,陈楚生,影之传说,4/10,2010,Chinese Pop,45FC9ABB658C470981DAE334BFA4C928
有没有人告诉你,陈楚生,原来我一直都不孤单,1,2008,General World,9F4F9A9C5B714E84B062B17504CF740D
相忘于江湖,陈楚生,影之传说,7/10,2010,Chinese Pop,900690E53D804AFB9783E770E14137E7
你走你的路,陈淑桦,跟你说 听你说,1,1989,Chinese Pop,434159AB4C374FB1A83A4E64429E1EFC
明明白白我的心,陈淑桦,给淑桦的一封信,1,2003,Chinese Pop,1E43C048D2BF4CC58D94481D3970AF42
梦醒时分,陈淑桦,跟你说 听你说,2,1989,Chinese Pop,2DD1845A627B4F808A704F7DB612DADE
流光飞舞,陈淑桦,爱的进行式,1,1994,Chinese Pop,26E8D5B03F52470790CC812FDADB2BF6
笑红尘,陈淑桦,爱的进行式,9/12,1994,Chinese Pop,B8309C5C538F4FBD8A9E8607C08CBAE4
"说,你爱我",陈淑桦,淑桦盛开Forever,1,1995,Chinese Pop,C38D214B02734003A2DADB89D8333552
一生何求,陈百强,亲爱的您,1,1993,Other,50AB42128788457782AE664E2EC68145
不,陈百强,陈百强,7/12,1997,Chinese Pop,B0E373F9060B4BD6A903A28D1FDA3B34
今宵多珍重,陈百强,精装陈百强第二辑,1/18,1987,Chinese Pop,025A50C747DE435EADA2E775855B8A74
偏偏喜欢你,陈百强,精装陈百强第二辑,1/19,1987,Chinese Pop,E4A2F9EBC02E4D56857E7760732C5638
念亲恩 ('突破' 民歌创作比赛学生组冠军),陈百强,念亲恩 (金碟精装),6/12,1993,Chinese Pop,88BB9CD25A62471F96B7DBE29BC2D710
相思河畔,陈百强,离不开陈百强纪念歌集 80-93,1,1993,Chinese Pop,3D94C0E9BCC743A291B1CBA8B6D68405
等 (电影 圣诞快乐 主题曲),陈百强,精装陈百强第二辑,12/19,1987,Chinese Pop,DB4A586DBE88401395FBB18EAC8152BC
今天你要嫁给我,陶喆,太美丽,1,2006,Chinese Pop,F9585239CE88433E8FC4C27532746233
太美丽,陶喆,太美丽,2,2006,Chinese Pop,EF6E46BF461D488AB659E9047B747F41
小镇姑娘,陶喆,I'm OK,1,1999,Chinese Pop,8218AA4CBBA542B7AA27233C8C469016
就是爱你,陶喆,太平盛世,1,2005,Chinese Pop,9FEACC8E68AC4D6F84297E4A474B2A22
忘不了,陶喆,"1,2,3!我们都是木头人 陶喆世界巡回演唱会",1,2009,Lounge,216F3FD830854B01856BBF755FB02E28
我喜欢,陶喆,乐之路,1,2003,Other,4974DBE61C3E46FAAD273A44771380C5
找自己,陶喆,I'm OK,2,1999,Chinese Pop,CAB94A7D9F6441D8B9824A83A8C0A9F2
爱很简单,陶喆,乐之路,1,2003,Chinese Pop,59FBD212904E4848A7F21F2332E5E23E
爱我还是他,陶喆,太平盛世,2,2005,Chinese Pop,01B70C715FCA4F669BBB15D0A4E5127D
爱我还是爱他,陶喆,太平盛世,1,2005,,0FF93D1D6BB9480D868CEC1A35A9698B
黑色柳丁,陶喆,乐之路,2,2003,Chinese Pop,D54F6F25CA0D4761A8CD5046D2D9512F
Don't Runaway,零点乐队,没有什么不可以,1,2002,Asian Rock,9162F655A1A8442C8CF000D23CB43545
冒险家,零点乐队,没有什么不可以,2,2002,Asian Rock,0B4FA64A54E0410598851F7C6920CA74
好好过吧,零点乐队,没有什么不可以,3,2002,Asian Rock,47FD5C1E06BA4B939D4A622C5AA4CC1B
我要,零点乐队,没有什么不可以,4,2002,Asian Rock,0FC0CDC19D8842A9909CDED1AC99B23A
战胜自己,零点乐队,没有什么不可以,5,2002,Asian Rock,FBA64BC6029C4EF4800295D452154686
梦游,零点乐队,没有什么不可以,6,2002,Asian Rock,2583D735E29445908024E906D012D632
没有什么不可以,零点乐队,没有什么不可以,7,2002,Asian Rock,4518B619710E421BAD99CF0E54BB3FBE
爱不爱我,零点乐队,中华歌典放送21世纪[全面建设小康社会],9/17,2003,Pop Vocal,518263B0E0D349CEB6A5B36F7F6BA8A9
相信自己,零点乐队,没有什么不可以,8,2002,Asian Rock,CAAABC70B8EF46888A5D9D0B8A408415
荒冢,零点乐队,青春无悔,1,1996,Asian Rock,646BF462CC144074A1516588E75A3B74
让我们荡起双浆,零点乐队,风雷动,1,2005,Asian Rock,6B560038B2244BECB9D0513B7FE76A69
飘,零点乐队,没有什么不可以,9,2002,Asian Rock,ACF4E7F8D3404F7787EEDCBD8E5E26F5
Say No,韩庚,庚心,2/10,2010,Chinese Pop,A5D2463B154C4414B5004EC6C09F279F
因为梦,韩庚,庚心,6/10,2010,Chinese Pop,460B632D8CA24315A9B7B5C31FD94CB2
女皇,韩庚,庚心,5/10,2010,Chinese Pop,722AE49D9B7B45F68E73B582262CCF9C
撑伞,韩庚,庚心,3/10,2010,Chinese Pop,EC32E5830EC2419D93D069A6C16F9138
爱的翅膀,韩庚,庚心,9/10,2010,Chinese Pop,BBCC423DB3F644F38C72C0B5223E5D67
飞蛾扑火,韩庚,庚心,1/10,2010,Chinese Pop,97B7CDBEB350462DA0F509C2E9814572
向天再借五百年,韩磊,帝王之声,5/13,2004,Chinese Pop,F53128CEA80C427FA5E16F24F9EC0703
大宅门主题歌,韩磊,大宅门(大宅门音乐专辑),15/25,2001,Chinese Pop,5A17B38F726A4C31A80ED0EB7F1E48DF
最后的倾诉,韩磊,韩磊珍藏韩磊1,1,2004,Chinese Pop,97E31AD2FCA84DDB82AE635369102EC6
等待,韩磊,韩磊珍藏韩磊1,2,2004,Chinese Pop,91C10D757A3A4B7AB558E3D318587B9E
花开在眼前,韩磊,,,,,182DC31BA0024664B3EF24BAD398EC56
走四方,韩磊,,11/15,2004,Chinese Pop,E2F9E9206CA24E8FBC2BB9DB0A23E1B6
天亮了,韩红,红歌汇,1,2005,Chinese Pop,1DE216F0E3924443BFC639A8EA4C001C
天路,韩红,感动,11/11,2005,Chinese Pop,30CCEF8354E0451793A0E96D9CBBC5D5
家乡,韩红,雪域光芒,2/10,1998,Chinese Pop,10F44C24D4934B4390688AA55358634C
那片海,韩红,醒了,1,1998,Chinese Pop,B2EFFAFD903149AA829A4D6589BC1D15
青藏高原,韩红,醒了,2,1998,Chinese Pop,734D41B43B5A47338F49F57E3B1C727D
不知不觉爱上你,马天宇,宇光十色,2/10,2007,Chinese Pop,8523ECC833984DA7A06E09B71D03D779
依然在一起,马天宇,单曲,4/4,2008,Chinese Pop,0C142342770F4ED98009EC2B909CA7F3
只欠秋天,马天宇,宇光十色,4/10,2007,Chinese Pop,7056536ECCCA46D8B28325574C88A2FA
只要有你,马天宇,宇光十色,10/10,2007,Chinese Pop,68C33E1BD40247F09FE8BC9274B1FA54
该死的温柔,马天宇,宇光十色,1/10,2007,Chinese Pop,765291A5F09F4383A77A0CEFFD045501
不只是朋友,黄小琥,异类声情,2/12,1995,Chinese Pop,A71317D5C9A4476095F32926C472CA44
不要停,黄小琥,简单不简单,1,2009,Chinese Pop,0EB7FC393FF540F792925B5167A5EE3D
最爱的人,黄小琥,简单不简单,2,2009,Chinese Pop,BFBBFCC2DCA44F0FBFDC45E7DAE898B6
没那么简单,黄小琥,简单不简单,3,2009,Chinese Pop,F25262DAC3C74827842D6F84BB21E374
现在那边是几点,黄小琥,如果能…重来,2,2011,Chinese Pop,7A67A134F6E14184A55AB292210F5060
老月光,黄小琥,如果能…重来,3,2011,Chinese Pop,59D7E809657847AC865A6ACC295F3570
说到做到,黄小琥,如果能…重来,4,2011,Chinese Pop,B8F5F870CDF1465384BF4DF2D4DB6B0C
重来,黄小琥,如果能…重来,1,2011,Chinese Pop,DD791D0FCC774B829BE9EE8AA3E7C3A9
我想我是海,黄磊,等等等等……,4,2000,Chinese Pop,9DA9F150F84F4C9FAB9BCC7E231A1BDA
橘子红了,黄磊,等等等等……,1,2000,Chinese Pop,4D40535A7A1C4FF3A2CFF62544F2CA07
石头,黄磊,等等等等……,5,2000,Chinese Pop,FE938B964407462BAD8B2F8624F506F6
等等等等,黄磊,等等等等……,2,2000,Chinese Pop,F10E55DEF99D477FB68BFB4893975E2C
老车站,黄磊,等等等等……,3,2000,Chinese Pop,88199FD355CE4042A8542843345DE393
花开的地方,黄磊,我想我是海,1,1998,Chinese Pop,07F93467F6C84A26997DF1A5284FF855
为你疯狂,黄舒骏,为你疯狂,1,1994,Chinese Pop,50FF7CA233E94A7BA7A2CD81F80E6568
天使,黄舒骏,改变1995,2,2001,Chinese Pop,ABA79A6610D74FBAAC2FF8283B6B5AEE
女朋友,黄舒骏,改变1995黄舒骏新歌+精选专辑（1）,1/10,2001,Chinese Pop,BC82994C0F27431C93D8CC719D6B2C34
恋爱症候群（快版）,黄舒骏,改变1995,1,2001,Chinese Pop,9E77B306160A41A99A688CC23C4F786E
恋爱症候群（慢版）,黄舒骏,未央歌,2,1995,Chinese Pop,BEBFE3D71BBA4FAC98E3832B2C68D7BB
我是谁,黄舒骏,改变1995黄舒骏新歌+精选专辑（1）,10/10,1994,Chinese Pop,F90BD661729147F89EEE737963D6B457
改变1995,黄舒骏,改变1995黄舒骏新歌+精选专辑（1）,1/10,2001,Chinese Pop,9EA8B8E929AF4924A7D5F702ABF22920
未央歌,黄舒骏,未央歌,3,1995,Chinese Pop,1CA9CD3BED3F47908C2FB48D6518A2BC
爱你,黄舒骏,改变1995黄舒骏新歌+精选专辑（1）,9/10,1998,Chinese Pop,78CC9E4BE5C047C581694FC0E74CDB9E
男女之间,黄舒骏,改变1995黄舒骏新歌+精选专辑（1）,2/10,2001,Chinese Pop,87F393B86F124AC68BA381A28C14E8D5
雁渡寒潭,黄舒骏,未央歌,4,1995,Chinese Pop,CAE8A332FC724AF684B0545F4BC5949B
马不停蹄的忧伤,黄舒骏,未央歌,1,1995,Chinese Pop,B24C8757DCD04DE89F9DB9BEE9F018A7
Don't Break My Heart,黑豹乐队,黒豹,6/10,2010,Asian Rock,097DDEF6BC164F51A999B621597473D5
TAKE CARE,黑豹乐队,黒豹,2/10,2010,Asian Rock,67634338EBD44EAC9707C00CE0360FAD
别来纠缠我,黑豹乐队,黒豹,4/10,2010,Asian Rock,3C028B5CC0394420BDA2AD4F37B7A4A2
怕你为自己流泪,黑豹乐队,黒豹,8/10,2010,Asian Rock,6CC2B9D353554CA9A9A6507F0D8E0936
眼光里,黑豹乐队,黒豹,9/10,2010,Asian Rock,B88E110036064C6E92D19330734E4D1F
脸谱,黑豹乐队,黒豹,7/10,2010,Asian Rock,73CD37CBE7EA48058ECF324A5AE7C3C8
体会,黑豹乐队,黒豹,3/10,2010,Asian Rock,DBEFDC9C78964AA884155427DF561E5E
无地自容,黑豹乐队,黒豹,1/10,2010,国语摇滚,1F71634AC2AB4355B43020F038945054
靠近我,黑豹乐队,黒豹,5/10,2010,Asian Rock,BF22055CFB5A4A33B8C517EA0A5FBCD5
不让我的眼泪陪我过夜,齐秦,齐秦发烧精选,6/15,2008,Chinese Pop,0C84EC9DCE34404DA353319C622DB331
原来的我,齐秦,抒情的摇滚-怀念狼,15/15,2000,Chinese Pop,A114E1D11D8A4C9D824944EB3AE144F5
狼,齐秦,狼的专辑,1,1985,Chinese Pop,22ADB4B448A8450AA16790FCF5CBFFB7
往事随风,齐秦,狼 '97黄金自选辑,1,1997,Chinese Pop,26A71F6C86F34C3D8DACD86EFA3629E9
无情的雨无情的你,齐秦,狼 '97黄金自选辑,2,1997,Chinese Pop,ED56257437B7412F8F8D0A6AD6E4E2BA
